Date,State,Positive,Negative,Pending,Hospitalized – Currently,Hospitalized – Cumulative,In ICU – Currently,In ICU – Cumulative,On Ventilator – Currently,On Ventilator – Cumulative,Recovered,Deaths
20200413,AK,277,"7,553",,,32,,,,,85,8
20200413,AL,"3,734","25,448",,,457,,189,,119,,99
20200413,AR,"1,410","19,394",,74,130,,43,28,39,391,30
20200413,AS,0,3,,,,,,,,,
20200413,AZ,"3,702","39,645",,525,,286,,195,,,122
20200413,CA,"22,348","168,534","13,200","3,015",,"1,178",,,,,687
20200413,CO,"7,684","29,850",,,"1,472",,,,,,304
20200413,CT,"13,381","30,928",,"1,760",,,,,,,602
20200413,DC,"1,955","8,979",,295,,95,,31,,507,53
20200413,DE,"1,625","10,195",,201,,,,,,213,35
20200413,FL,"20,601","175,606","1,789",,"2,833",,,,,,483
20200413,GA,"13,315","43,706",,,"2,589",,,,,,464
20200413,GU,135,770,,12,,2,,2,,58,5
20200413,HI,499,"18,345",,,44,,6,,2,310,9
20200413,IA,"1,710","16,986",,142,,70,,41,,741,43
20200413,ID,"1,426","13,455",,,132,,38,,,,27
20200413,IL,"22,025","83,743",,"3,680",,"1,166",,821,,,794
20200413,IN,"8,236","36,303",,,,740,,459,,,350
20200413,KS,"1,376","12,488",,,309,,,,,,62
20200413,KY,"1,963","23,903",,289,667,136,256,,,607,97
20200413,LA,"21,016","87,075",,"2,134",,,,461,,,884
20200413,MA,"26,867","95,182",,,"2,340",,,,,,844
20200413,MD,"8,936","42,815",,,"1,975",,,,,603,262
20200413,ME,698,"11,608",,22,124,,,,,273,19
20200413,MI,"25,635","57,009",,"3,986",,"1,570",,1365,,447,1602
20200413,MN,"1,650","36,777",,157,361,74,146,,,842,70
20200413,MO,"4,388","41,040",,988,,,,,,,114
20200413,MP,11,27,9,,,,,,,,2
20200413,MS,"2,942","28,042",,,549,124,,84,,,98
20200413,MT,394,"8,704",,21,47,,,,,171,7
20200413,NC,"4,816","58,572",,313,,,,,,,86
20200413,ND,331,"10,450",,13,40,,,,,127,8
20200413,NE,814,"10,158",,,,,,,,,17
20200413,NH,985,"10,222",125,,152,,,,,239,23
20200413,NJ,"64,584","64,885",,"7,781",,"1,886",,1611,,,2443
20200413,NM,"1,245","29,270",,80,,,,,,295,26
20200413,NV,"2,971","22,493",,,,,,,,,114
20200413,NY,"195,031","283,326",,"18,825","42,712","5,156",,,,23887,10056
20200413,OH,"6,975","58,137",,,"2,033",,613,,,,274
20200413,OK,"2,069","20,790",,383,457,191,,,,865,99
20200413,OR,"1,584","29,537",,321,369,96,,50,,,53
20200413,PA,"24,199","105,593",,"2,243",,,,669,,,524
20200413,PR,903,"5,960","1,288",,,,,,,,45
20200413,RI,"2,976","17,685",,197,331,50,,26,,135,73
20200413,SC,"3,319","28,106",,,496,,,,,,82
20200413,SD,868,"8,134",0,,44,,,,,207,6
20200413,TN,"5,610","70,585",,,579,,,,,1671,109
20200413,TX,"13,906","119,320",,"1,176",,,,,,2269,287
20200413,UT,"2,363","43,424",,,201,,,,,218,18
20200413,VA,"5,747","35,654",473,"1,238",,428,,302,,,149
20200413,VI,51,322,2,,,,,,,43,1
20200413,VT,748,"9,618",,33,,,,,,15,28
20200413,WA,"10,411","83,391",,527,,166,,,,,508
20200413,WI,"3,428","36,769",273,442,993,175,264,,,,154
20200413,WV,626,"16,029",,95,164,43,73,23,50,85,9
20200413,WY,275,"5,689",,,41,,,,,138,1
20200412,AK,272,"7,766",,,31,,,,,66,8
20200412,AL,"3,525","18,058",,,437,,189,,119,,93
20200412,AR,"1,280","18,442",,74,130,,43,30,39,367,27
20200412,AS,0,3,2,,,,,,,,
20200412,AZ,"3,539","38,570",,,,,,,,,115
20200412,CA,"21,794","168,534","13,200","5,234",,"1,539",,,,,651
20200412,CO,"6,893","27,980",,,"1,376",,,,,,274
20200412,CT,"12,035","29,185",,"1,654",,,,,,,554
20200412,DC,"1,875","8,765",,,,,,,,493,50
20200412,DE,"1,479","9,624",,190,,,,,,191,33
20200412,FL,"19,355","163,398","1,297",,"2,772",,,,,,465
20200412,GA,"12,452","42,001",,,"2,505",,,,,,433
20200412,GU,133,693,,13,,2,,2,,58,5
20200412,HI,486,"17,482",,,44,,6,,2,300,8
20200412,IA,"1,587","16,005",,129,,55,,30,,674,41
20200412,ID,"1,407","12,901",,,131,,38,,,,27
20200412,IL,"20,852","79,883",,"3,680",,"1,166",,821,,,720
20200412,IN,"7,928","34,561",,,,820,,497,,,343
20200412,KS,"1,337","11,916",,,298,,,,,,56
20200412,KY,"1,840","22,727",,271,459,105,177,,,464,94
20200412,LA,"20,595","83,450",,"2,084",,,,458,,,840
20200412,MA,"25,475","91,255",,,"2,235",,,,,,756
20200412,MD,"8,225","41,539",,,"1,860",,,,,456,235
20200412,ME,633,"6,088",,,120,,,,,266,19
20200412,MI,"24,638","54,799",,"3,636",,"1,582",,1441,,433,1487
20200412,MN,"1,621","35,800",,157,361,74,146,,,842,70
20200412,MO,"4,160","41,040",,988,,,,,,,110
20200412,MP,11,27,9,,,,,,,,2
20200412,MS,"2,781","18,632",,,548,,,,,,96
20200412,MT,387,"8,526",,22,47,,,,,169,6
20200412,NC,"4,520","57,619",,331,,,,,,,81
20200412,ND,308,"10,042",,12,39,,,,,121,8
20200412,NE,791,"9,900",,,,,,,,,17
20200412,NH,929,"9,996",119,,146,,,,,236,23
20200412,NJ,"61,850","64,885",,"7,604",,"1,914",,1644,,,2350
20200412,NM,"1,174","27,518",,78,,,,18,,235,20
20200412,NV,"2,836","21,775",,282,,,,,,,112
20200412,NY,"188,694","272,907",,"18,707","42,594","5,198",,,,23887,9385
20200412,OH,"6,604","56,639",,,"1,948",,595,,,,253
20200412,OK,"1,970","20,790",,383,446,191,,,,865,96
20200412,OR,"1,527","28,231",,295,359,81,,52,,,52
20200412,PA,"22,833","102,057",,"2,097",,,,649,,,507
20200412,PR,897,"5,819","1,251",,,,,,,,44
20200412,RI,"2,665","17,685",,201,,50,,26,,35,63
20200412,SC,"3,319","28,106",,,496,,,,,,82
20200412,SD,730,"7,823",0,,43,,,,,197,6
20200412,TN,"5,308","65,369",,,567,,,,,1504,101
20200412,TX,"13,484","111,049",,"1,338",,,,,,2014,271
20200412,UT,"2,303","41,931",,,195,,,,,,18
20200412,VA,"5,274","34,711",521,751,,734,,294,,,141
20200412,VI,51,299,20,3,,,,,,43,1
20200412,VT,727,"9,114",,34,,,,,,15,27
20200412,WA,"10,224","83,391",,642,,191,,,,,491
20200412,WI,"3,341","35,916",,442,974,179,261,,,,144
20200412,WV,611,"15,646",,81,,36,,24,,83,8
20200412,WY,261,"5,198",,,40,,,,,137,0
20200411,AK,257,"7,475",,,31,,,,,63,8
20200411,AL,"3,191","18,058",,,402,,,,,,91
20200411,AR,"1,226","17,352",,86,130,,43,33,39,340,24
20200411,AS,0,3,2,,,,,,,,
20200411,AZ,"3,393","37,137",,,,,,,,,108
20200411,CA,"19,472","152,604","13,200","5,236",,"1,591",,,,,541
20200411,CO,"6,510","26,143",,,"1,312",,,,,,250
20200411,CT,"11,510","28,321",,"1,593",,,,,,,494
20200411,DC,"1,778","8,261",,,,,,,,447,47
20200411,DE,"1,479","9,624",,190,,,,,,191,33
20200411,FL,"18,494","154,439","1,418",,"2,661",,,,,,438
20200411,GA,"12,159","39,556",,,"2,479",,,,,,428
20200411,GU,133,693,,14,,2,,2,,58,5
20200411,HI,465,"17,066",,,43,,6,,2,284,8
20200411,IA,"1,510","15,622",,118,,55,,30,,585,34
20200411,ID,"1,396","12,368",,,128,,35,,,,25
20200411,IL,"19,180","72,969",,"3,680",,"1,166",,821,,,677
20200411,IN,"7,435","31,780",,,,820,,497,,,330
20200411,KS,"1,268","11,075",,,293,,,,,,55
20200411,KY,"1,693","22,595",,271,459,105,177,,,464,90
20200411,LA,"20,014","76,901",,"2,067",,,,470,,,806
20200411,MA,"22,860","85,916",,,"2,120",,,,,,686
20200411,MD,"7,694","39,544",,,"1,709",,,,,431,206
20200411,ME,616,"6,088",,,114,,,,,256,19
20200411,MI,"23,993","52,021",,"3,636",,"1,582",,1441,,595,1392
20200411,MN,"1,427","33,977",,145,340,69,138,,,793,64
20200411,MO,"4,024","39,148",,506,,,,,,,109
20200411,MP,11,27,9,,,,,,,,2
20200411,MS,"2,642","18,632",,,528,,,,,,93
20200411,MT,377,"8,204",,21,46,,,,,169,6
20200411,NC,"4,312","56,081",,362,,,,,,,80
20200411,ND,293,"9,787",,10,36,,,,,119,7
20200411,NE,700,"9,285",,,,,,,,,17
20200411,NH,885,"9,608",93,,134,,,,,234,22
20200411,NJ,"58,151","62,042",,"7,618",,"1,746",,1650,,,2183
20200411,NM,"1,091","26,007",,75,,,,18,,235,19
20200411,NV,"2,700","20,887",,282,,,,,,,102
20200411,NY,"180,458","260,522",,"18,654","40,679","5,009",,,,22025,8627
20200411,OH,"6,187","54,221",,,"1,859",,572,,,,247
20200411,OK,"1,868","20,790",,383,446,191,,,,865,94
20200411,OR,"1,371","25,853",,140,338,58,,46,,,48
20200411,PA,"21,655","98,498",,"2,115",,,,639,,,494
20200411,PR,788,"5,583","1,332",,,,,,,,42
20200411,RI,"2,349","15,858",,183,,50,,26,,35,56
20200411,SC,"3,207","26,886",,,496,,,,,,80
20200411,SD,626,"7,378",2,,33,,,,,189,6
20200411,TN,"5,114","61,714",,,556,,,,,1386,101
20200411,TX,"12,561","107,972",,"1,514",,,,,,1617,254
20200411,UT,"2,206","40,340",,,190,,,,,,18
20200411,VA,"5,077","32,922",517,"1,252",,709,,283,,,130
20200411,VI,51,299,20,3,,,,,,43,1
20200411,VT,711,"8,547",,77,,,,,,15,25
20200411,WA,"10,224","83,391",,649,,191,,,,,491
20200411,WI,"3,213","34,680",,444,950,179,257,,,,137
20200411,WV,577,"14,875",,85,,40,,22,,63,5
20200411,WY,261,"5,198",,,37,,,,,129,0
20200410,AK,246,"7,186",,,28,,,,,55,7
20200410,AL,"2,968","18,058",,,368,,,,,,80
20200410,AR,"1,171","15,949",,86,130,,43,33,39,312,23
20200410,AS,0,3,2,,,,,,,,0
20200410,AZ,"3,112","34,622",,,,,,,,,97
20200410,CA,"19,472","145,391","13,900","2,897",,"1,145",,,,,541
20200410,CO,"6,510","26,143",,,"1,312",,,,,,250
20200410,CT,"10,538","25,750",,"1,562",,,,,,,448
20200410,DC,"1,660","7,695",,,,,,,,426,38
20200410,DE,"1,326","10,415",,181,,,,,,177,23
20200410,FL,"17,531","145,299","1,411",,"2,487",,,,,,390
20200410,GA,"11,483","34,664",,,"2,351",,,,,,416
20200410,GU,130,662,,14,,2,,2,,41,4
20200410,HI,442,"15,707",,,42,,6,,2,251,6
20200410,IA,"1,388","14,565",,125,,55,,30,,506,31
20200410,ID,"1,353","11,741",,,127,,33,,,,24
20200410,IL,"17,887","69,640",,"3,680",,"1,166",,821,,,596
20200410,IN,"6,907","28,133",,,,820,,497,,,300
20200410,KS,"1,166","10,248",,,274,,,,,,50
20200410,KY,"1,693","22,595",,271,459,105,177,,,464,90
20200410,LA,"19,253","73,027",,"2,054",,,,479,,,755
20200410,MA,"20,974","81,398",,,"1,956",,,,,,599
20200410,MD,"6,968","37,480",,,"1,413",,,,,397,171
20200410,ME,586,"6,088",,,111,,,,,246,17
20200410,MI,"22,783","49,261",,"3,823",,"1,663",,1394,,56,1281
20200410,MN,"1,336","32,558",,143,317,64,131,,,732,57
20200410,MO,"3,799","36,941",,568,,,,,,,96
20200410,MP,11,27,9,,,,,,,,2
20200410,MS,"2,469","18,632",,,482,,,,,,82
20200410,MT,365,"7,932",,29,41,,,,,165,6
20200410,NC,"3,908","53,737",,423,,,,,,,74
20200410,ND,278,"9,330",,13,36,,,,,105,6
20200410,NE,635,"8,719",,,,,,,,,15
20200410,NH,819,"9,139",155,,124,,,,,234,21
20200410,NJ,"54,588","58,935",,"7,570",,"1,679",,1663,,682,1932
20200410,NM,"1,091","26,007",,73,,,,18,,217,19
20200410,NV,"2,584","20,165",,282,,,,,,,86
20200410,NY,"170,512","247,373",,"18,569","38,818","4,908",,,,20249,7844
20200410,OH,"5,836","52,695",,,"1,755",,548,,,,231
20200410,OK,"1,794","20,370",,186,428,122,,,,790,88
20200410,OR,"1,321","24,306",,146,326,66,,54,,,44
20200410,PA,"19,979","93,040",,"2,072",,,,611,,,416
20200410,PR,725,"5,121","1,392",,,,,,,,39
20200410,RI,"2,015","12,281",,169,,45,,26,,35,49
20200410,SC,"3,065","25,118",,,496,,,,,,72
20200410,SD,536,"7,111",,,29,,,,,177,6
20200410,TN,"4,862","57,937",,,536,,,,,1145,98
20200410,TX,"11,671","104,047",,"1,532",,,,,,1366,226
20200410,UT,"2,102","38,660",,,183,,,,,,17
20200410,VA,"4,509","30,950",521,"1,238",772,457,,287,,,121
20200410,VI,50,273,45,3,,,,,,43,1
20200410,VT,679,"7,553",,32,,,,,,15,24
20200410,WA,"10,224","83,391",,642,,191,,,,,446
20200410,WI,"3,068","33,225",,,904,190,247,,,,128
20200410,WV,554,"14,001",,85,,20,,22,,63,5
20200410,WY,320,"4,736",,,37,,,,,105,0
20200409,AK,235,"6,988",,,27,,,,,49,7
20200409,AL,"2,769","18,058",,,333,,,,,,74
20200409,AR,"1,119","13,832",,73,130,,43,31,39,288,21
20200409,AS,0,3,2,,,,,,,,0
20200409,AZ,"3,018","34,160",,,,,,,,,89
20200409,CA,"18,309","145,191","14,100","2,825",,"1,132",,,,,492
20200409,CO,"5,655","23,544",,,"1,162",,,,,,193
20200409,CT,"9,784","23,718",,"1,464",,,,,,,380
20200409,DC,"1,523","7,201",,,,,,,,393,32
20200409,DE,"1,207","8,683",,201,,,,,,173,23
20200409,FL,"16,364","136,185","1,395",,"2,268",,,,,,354
20200409,GA,"10,566","30,519",,,"2,159",,,,,,379
20200409,GU,128,593,,14,,2,,2,,33,4
20200409,HI,435,"15,316",,,42,,6,,,113,5
20200409,IA,"1,270","13,703",,122,,,,,,476,29
20200409,ID,"1,232","11,299",,,113,,29,,,,18
20200409,IL,"16,422","64,435",,"3,680",,"1,166",,821,,,528
20200409,IN,"6,351","25,782",,,,924,,507,,,245
20200409,KS,"1,106","9,669",,,263,,,,,,42
20200409,KY,"1,346","20,455",,,,,,,,,73
20200409,LA,"18,283","68,636",,"2,014",,,,473,,,702
20200409,MA,"18,941","76,017",,,"1,747",,,,,,503
20200409,MD,"6,185","35,344",,,"1,348",,,,,376,138
20200409,ME,560,"6,088",,,105,,,,,202,16
20200409,MI,"21,504","45,550",,"3,826",,"1,628",,1434,,56,1076
20200409,MN,"1,242","31,052",,145,293,63,119,,,675,50
20200409,MO,"3,539","34,955",,568,,,,,,,77
20200409,MP,11,27,9,,,,,,,,2
20200409,MS,"2,260","18,632",,,441,,,,,,76
20200409,MT,354,"7,506",,13,36,,,,,157,6
20200409,NC,"3,651","44,158",,398,,,,,,,65
20200409,ND,269,"8,721",,14,34,,,,,101,5
20200409,NE,567,"8,116",,,,,,,,,14
20200409,NH,788,"8,763",143,,118,,,,,227,18
20200409,NJ,"51,027","56,165",,"7,363",,"1,523",,1551,,,1700
20200409,NM,865,"22,942",,59,,,,18,,201,16
20200409,NV,"2,456","19,315",,282,,,,,,,80
20200409,NY,"159,937","231,612",,"18,279","36,576","4,925",,,,18297,7067
20200409,OH,"5,512","50,473",,,"1,612",,497,,,,213
20200409,OK,"1,684","18,595",,188,415,120,,,,686,80
20200409,OR,"1,321","24,306",,146,326,66,,54,,,44
20200409,PA,"18,228","87,374",,"2,051",,,,592,,,338
20200409,PR,683,"4,703","1,304",,,,,,,,33
20200409,RI,"1,727","10,682",,160,,45,,26,,35,43
20200409,SC,"2,792","24,575",,,241,,,,,,67
20200409,SD,447,"6,700",,,27,,,,,161,6
20200409,TN,"4,634","55,215",,,505,,,,,921,94
20200409,TX,"10,230","95,904",,"1,439",,,,,,1101,199
20200409,UT,"1,976","36,397",,,168,,,,,,13
20200409,VA,"4,042","28,984",627,669,685,469,,285,,,109
20200409,VI,46,251,42,,,,,,,39,1
20200409,VT,628,"7,553",,33,,,,,,15,23
20200409,WA,"9,769","83,391",,650,,191,,,,,446
20200409,WI,"2,885","31,424",,,843,,230,,,,111
20200409,WV,523,"13,340",,,,,,,,,5
20200409,WY,230,"3,920",,,34,,,,,94,0
20200408,AK,226,"6,842",,,27,,,,,32,7
20200408,AL,"2,369","16,753",,,314,,,,,,66
20200408,AR,"1,000","13,530",,76,130,,43,30,39,208,18
20200408,AS,0,3,2,,,,,,,,0
20200408,AZ,"2,726","31,838",,,,,,,,,80
20200408,CA,"16,957","127,307","14,600","2,714",,"1,154",,,,,442
20200408,CO,"5,429","22,665",,,"1,079",,,,,,179
20200408,CT,"7,781","21,255",,"1,308",,,,,,,277
20200408,DC,"1,440","6,843",,,,,,,,361,27
20200408,DE,928,"7,628",,147,,,,,,144,16
20200408,FL,"15,455","127,679","1,324",,"2,062",,,,,,309
20200408,GA,"9,901","28,886",,,"1,993",,,,,,362
20200408,GU,125,562,,21,,2,,2,,31,4
20200408,HI,410,"14,739",,,42,,6,,,113,5
20200408,IA,"1,145","12,821",,122,193,,,,,431,27
20200408,ID,"1,210","10,688",,,93,,24,,,,15
20200408,IL,"15,078","59,988",,"3,680",,"1,166",,821,,,462
20200408,IN,"5,943","24,926",,,,924,,507,,,203
20200408,KS,900,"8,614",,,223,,,,,,27
20200408,KY,"1,149","20,455",,,,,,,,,65
20200408,LA,"17,030","64,376",,"1,983",,,,490,,,652
20200408,MA,"16,790","70,721",,,"1,583",,,,,,433
20200408,MD,"5,529","32,933",,,"1,210",,,,,365,124
20200408,ME,537,"6,088",,,101,,,,,187,14
20200408,MI,"20,589","45,550",,,,,,,,56,959
20200408,MN,"1,154","29,599",,135,271,64,105,,,632,39
20200408,MO,"3,327","30,783",,519,,,,,,,58
20200408,MP,11,27,9,,,,,,,,2
20200408,MS,"2,003","18,632",,,410,,,,,,67
20200408,MT,332,"7,066",,,31,,,,,135,6
20200408,NC,"3,426","39,561",,386,,,,,,,53
20200408,ND,251,"8,301",,16,34,,,,,98,4
20200408,NE,519,"7,442",,,,,,,,,12
20200408,NH,788,"8,389",89,,118,,,,,211,18
20200408,NJ,"47,437","52,979",,"7,026",,"1,617",,1576,,,1504
20200408,NM,794,"21,451",,51,,,,18,,171,13
20200408,NV,"2,318","18,248",,282,,,,,,,71
20200408,NY,"149,316","215,837",,"18,079","34,432","4,593",,,,16353,6268
20200408,OH,"5,148","48,193",,,"1,495",,472,,,,193
20200408,OK,"1,524","11,821",,188,390,120,,,,686,79
20200408,OR,"1,239","23,325",,156,324,61,,58,69,,33
20200408,PA,"16,239","82,299",,"1,898",,,,603,,,309
20200408,PR,620,"4,266","1,160",,,,,,,,24
20200408,RI,"1,450","10,682",,143,,45,,26,,35,35
20200408,SC,"2,552","22,082",,,241,,,,,,63
20200408,SD,393,"6,355",0,,26,,,,,146,6
20200408,TN,"4,362","52,256",,,449,,,,,592,79
20200408,TX,"9,353","86,905",,"1,491",,,,,,38,177
20200408,UT,"1,846","34,270",,,158,,,,,,13
20200408,VA,"3,645","27,000",,,615,,145,,108,,75
20200408,VI,45,242,35,,,,,,,39,1
20200408,VT,605,"7,144",,35,50,,,,,15,23
20200408,WA,"9,506","83,391",,655,,186,,,,,446
20200408,WI,"2,756","30,115",,,790,,218,,,,99
20200408,WV,462,"12,083",,,,,,,,,4
20200408,WY,221,"3,843",,,33,,,,,62,0
20200407,AK,213,"6,700",,,23,,,,,29,6
20200407,AL,"2,119","12,797",,,271,,,,,,56
20200407,AR,946,"12,692",,74,148,,,26,43,142,16
20200407,AS,0,3,2,,,,,,,,0
20200407,AZ,"2,575","30,800",,,,,,,,,73
20200407,CA,"15,865","115,364","14,100","2,611",,"1,108",,,,,374
20200407,CO,"5,172","21,703",,,994,,,,,,150
20200407,CT,"7,781","21,255",,"1,308",,,,,,,277
20200407,DC,"1,211","6,612",,,,,,,,318,22
20200407,DE,928,"7,628",,147,,,,,,144,16
20200407,FL,"14,747","123,415","1,407",,"1,999",,,,,,296
20200407,GA,"8,818","24,895",,,"1,774",,,,,,329
20200407,GU,121,529,,21,,2,,2,,27,4
20200407,HI,387,"13,155",,,26,,6,,,89,5
20200407,IA,"1,048","11,670",,104,193,,,,,341,26
20200407,ID,"1,170","10,076",,,83,,21,,,,13
20200407,IL,"13,549","55,183",,"3,680",,"1,166",,821,,,380
20200407,IN,"5,507","23,257",,,,924,,507,,,173
20200407,KS,900,"8,614",,,223,,,,,,27
20200407,KY,"1,008","18,947",,,,,,,,,59
20200407,LA,"16,284","58,371",,"1,996",,,,519,,,582
20200407,MA,"15,202","66,142",,,"1,435",,,,,,356
20200407,MD,"4,371","27,256",,,"1,106",,,,,288,103
20200407,ME,519,"6,088",,,99,,,,,176,12
20200407,MI,"19,823","45,550",,,,,,,,56,845
20200407,MN,"1,069","28,191",,120,242,64,100,,,549,34
20200407,MO,"3,037","28,932",,508,,,,,,,53
20200407,MP,8,15,,,,,,,,,2
20200407,MS,"1,915","18,632",,,377,,,,,,59
20200407,MT,319,"6,666",,,28,,,,,,6
20200407,NC,"3,221","37,861",,354,,,,,,,46
20200407,ND,237,"7,466",,18,33,,,,,82,4
20200407,NE,447,"6,811",,,,,,,,,10
20200407,NH,715,"8,019",49,,103,,,,,151,9
20200407,NJ,"44,416","50,558",,"7,017",,"1,651",,1540,,,1232
20200407,NM,686,"21,139",,48,,,,18,,133,12
20200407,NV,"2,087","16,552",,282,,,,,,,58
20200407,NY,"138,863","201,195",,"17,493","32,083","4,593",,,,14590,5489
20200407,OH,"4,782","46,056",,,"1,354",,417,,,,167
20200407,OK,"1,472","11,821",,186,376,137,,,,612,67
20200407,OR,"1,181","21,826",,,324,,,69,,,33
20200407,PA,"14,559","76,719",,"1,665",,,,548,,,240
20200407,PR,573,"3,966",968,,,,,,,,23
20200407,RI,"1,230","9,077",,123,,40,,26,,35,30
20200407,SC,"2,417","21,263",,,241,,,,,,51
20200407,SD,320,"5,948",2,,23,,,,,98,6
20200407,TN,"4,138","48,736",,,408,,,,,466,72
20200407,TX,"8,262","80,387",,"1,252",,,,,,38,154
20200407,UT,"1,738","32,909",,,148,,,,,,13
20200407,VA,"3,333","25,312",,,563,,145,,108,,63
20200407,VI,43,222,20,,,,,,,36,1
20200407,VT,575,"6,554",,29,45,,,,,15,23
20200407,WA,"9,043","83,391",,641,,190,,,,,393
20200407,WI,"2,578","28,512",,,745,,200,,,,92
20200407,WV,412,"11,647",,,,,,,,,4
20200407,WY,216,"3,789",,,33,,,,,62,0
20200406,AK,191,"6,692",,,23,,,,,,6
20200406,AL,"1,968","12,797",,,240,,,,,,50
20200406,AR,875,"11,970",,74,137,,,22,39,102,16
20200406,AS,0,3,2,,,,,,,,0
20200406,AZ,"2,456","30,078",,,,,,,,,65
20200406,CA,"14,336","103,095","15,000","2,509",,"1,085",,,,,343
20200406,CO,"4,950","20,823",,,924,,,,,,140
20200406,CT,"6,906","19,780",,"1,221",,,,,,,206
20200406,DC,"1,097","6,356",,,,,,,,287,24
20200406,DE,673,"6,321",,101,,,,,,71,14
20200406,FL,"13,324","109,950","1,142",,"1,682",,,,,,236
20200406,GA,"7,314","23,960",,,"1,332",,,,,,229
20200406,GU,113,505,,21,,2,,,,25,4
20200406,HI,371,"13,155",,,21,,6,,,85,4
20200406,IA,946,"10,653",,99,179,,,,,284,25
20200406,ID,"1,101","9,894",,,77,,16,,,,10
20200406,IL,"12,262","50,680",,,,,,,,,307
20200406,IN,"4,944","21,247",,,,924,,507,,,139
20200406,KS,845,"8,239",,,198,,,,,,25
20200406,KY,955,"17,812",,,,,,,,,45
20200406,LA,"14,867","54,299",,"1,981",,,,552,,,512
20200406,MA,"13,837","62,592",,,"1,241",,,,,,260
20200406,MD,"4,045","25,572",,,"1,059",,,,,184,91
20200406,ME,499,"6,088",,,92,,,,,158,10
20200406,MI,"18,850","43,120",,,,,,,,56,727
20200406,MN,986,"27,142",,115,223,57,90,,,470,30
20200406,MO,"2,722","27,113",,439,,,,,,,39
20200406,MP,8,13,10,,,,,,,,1
20200406,MS,"1,738","18,632",,,475,,,,,,51
20200406,MT,299,"6,491",,,24,,,,,,6
20200406,NC,"2,870","37,856",,270,,,,,,,33
20200406,ND,225,"6,988",,19,32,,,,,74,3
20200406,NE,409,"6,378",8,,,,,,,,8
20200406,NH,669,"7,701",101,,92,,,,,147,9
20200406,NJ,"41,090","47,942",,"6,390",,,,1263,,,1003
20200406,NM,624,"18,512",,45,,,,18,,130,12
20200406,NV,"1,953","15,676",,,,,,,,,46
20200406,NY,"130,689","190,122",,"16,837","30,203","4,504",,,,13366,4758
20200406,OH,"4,450","43,928",,,"1,214",,371,,,,142
20200406,OK,"1,327","1,422",,161,340,143,,,,522,51
20200406,OR,"1,132","20,669",,,258,,,40,,,27
20200406,PA,"12,980","70,874",,,"1,145",,,533,,,162
20200406,PR,513,"3,432","1,000",,,,,,,,21
20200406,RI,"1,082","7,399",,109,,37,,26,,35,27
20200406,SC,"2,049","16,927",,,241,,,,,,44
20200406,SD,288,"5,732",0,,23,,,,,91,4
20200406,TN,"3,802","43,548",,,352,,,,,356,65
20200406,TX,"7,276","78,081",,"1,153",,,,,,38,140
20200406,UT,"1,675","31,719",,,138,,,,,,13
20200406,VA,"2,878","21,643",,,497,,145,,108,,54
20200406,VI,43,222,20,,,,,,,36,1
20200406,VT,543,"6,090",,28,45,,,,,15,23
20200406,WA,"8,679","83,391",,638,,191,,,,,378
20200406,WI,"2,440","26,574",,,668,,186,,,,77
20200406,WV,345,"9,595",,,,,,,,,4
20200406,WY,210,"3,719",,,23,,,,,52,0
20200405,AK,185,"6,099",,,20,,,,,,6
20200405,AL,"1,796","11,282",,,231,,,,,,45
20200405,AR,830,"10,412",,67,130,,,27,39,97,16
20200405,AS,0,3,2,,,,,,,,0
20200405,AZ,"2,269","25,141",,,,,,,,,64
20200405,CA,"13,438","103,095","15,000","2,398",,"1,040",,,,,319
20200405,CO,"4,565","19,335",,,875,,,,,,126
20200405,CT,"5,675","17,595",,"1,142",,,,,,,189
20200405,DC,998,"5,836",,,,,,,,258,22
20200405,DE,673,"6,321",,101,,,,,,71,14
20200405,FL,"12,151","101,253","1,129",,"1,572",,,,,,218
20200405,GA,"6,647","21,185",,,"1,283",,,,,,211
20200405,GU,112,493,,21,,2,,,,23,4
20200405,HI,351,"12,604",,,19,,6,,,82,4
20200405,IA,868,"9,973",,91,165,,,,,188,22
20200405,ID,"1,077","9,184",,,66,,11,,,,10
20200405,IL,"11,256","47,727",,,,,,,,,274
20200405,IN,"4,411","18,241",,,,,,,,,127
20200405,KS,747,"7,476",,,183,,,,,,22
20200405,KY,917,"15,746",,,,,,,,,40
20200405,LA,"13,010","47,315",,"1,803",,,,561,,,477
20200405,MA,"12,500","59,437",,,"1,145",,,,,,231
20200405,MD,"3,609","24,728",,,936,,,,,159,67
20200405,ME,470,"6,088",,,86,,,,,156,10
20200405,MI,"17,567","40,331",,,,,,,,56,617
20200405,MN,935,"25,842",,106,202,48,77,,,451,29
20200405,MO,"2,367","24,882",,424,,,,,,,34
20200405,MP,8,13,10,,,,,,,,1
20200405,MS,"1,638","5,580",,,475,,,,,,43
20200405,MT,286,"6,317",,,24,,,,,,6
20200405,NC,"2,585","37,460",,261,,,,,,,31
20200405,ND,207,"6,580",,20,31,,,,,63,3
20200405,NE,363,"5,558",12,,,,,,,,8
20200405,NH,621,"7,411",93,,86,,,,,146,9
20200405,NJ,"37,505","44,661",,"4,000",,,,,,,917
20200405,NM,543,"16,285",,37,,,,18,,54,11
20200405,NV,"1,836","14,995",,,,,,,,,46
20200405,NY,"122,031","180,249",,"16,479","28,092","4,376",,,,12187,4159
20200405,OH,"4,043","39,713",,,"1,104",,346,,,,119
20200405,OK,"1,252","1,401",,,330,,,,,,46
20200405,OR,"1,068","19,556",,,258,,,40,,,27
20200405,PA,"11,510","66,261",,,"1,072",,,,,,150
20200405,PR,475,"3,073","1,039",,,,,,,,20
20200405,RI,922,"6,259",,103,,33,,6,,35,25
20200405,SC,"2,049","16,927",,,241,,,,,,44
20200405,SD,240,"5,353",,,22,,,,,84,2
20200405,TN,"3,633","41,667",,,328,,,,,295,44
20200405,TX,"6,812","64,126",,827,,,,,,38,127
20200405,UT,"1,605","29,287",,,124,,,,,,8
20200405,VA,"2,637","21,034",,,431,,145,,108,,51
20200405,VI,42,206,18,,,,,,,34,1
20200405,VT,512,"6,070",,29,45,,,,,15,22
20200405,WA,"8,332","80,327",,581,,178,,,,,365
20200405,WI,"2,267","25,169",,,624,,175,,,,68
20200405,WV,324,"8,514",,,,,,,,,3
20200405,WY,197,"3,040",,,23,,,,,50,0
20200404,AK,171,"5,869",,,16,,,,,,5
20200404,AL,"1,580","9,273",,,212,,,,,,43
20200404,AR,743,"9,627",,72,106,,,23,39,79,14
20200404,AS,0,3,2,,,,,,,,0
20200404,AZ,"2,019","25,141",,,,,,,,,52
20200404,CA,"12,026","101,674","13,000","2,300",,"1,008",,,,,276
20200404,CO,"4,173","17,898",,,823,,,,,,111
20200404,CT,"5,276","16,753",,"1,033",,,,,,,165
20200404,DC,902,"5,536",,,,,,,,235,21
20200404,DE,593,"5,874",,95,,,,,,71,14
20200404,FL,"11,111","90,956","1,281",,"1,462",,,,,,191
20200404,GA,"6,160","20,134",,,"1,239",,,,,,201
20200404,GU,93,472,,20,,2,,,,20,4
20200404,HI,319,"11,959",,,18,,6,,,78,3
20200404,IA,786,"9,454",,85,153,,,,,188,14
20200404,ID,"1,013","7,857",,,62,,8,,,,10
20200404,IL,"10,357","43,224",,,,,,,,,243
20200404,IN,"3,953","15,847",,,,,,,,,116
20200404,KS,698,"6,880",,,172,,,,,,21
20200404,KY,831,"14,741",,,,,,,,,37
20200404,LA,"12,496","46,002",,"1,726",,,,571,,,409
20200404,MA,"11,736","57,064",,,"1,068",,,,,,216
20200404,MD,"3,125","22,485",,,821,,,,,159,53
20200404,ME,456,"6,088",,,83,,,,,140,10
20200404,MI,"16,395","37,405",,,,,,,,56,540
20200404,MN,865,"24,558",,95,180,42,69,,,440,24
20200404,MO,"2,291","22,614",,413,,,,,,,24
20200404,MP,8,13,10,,,,,,,,1
20200404,MS,"1,455","5,133",,,436,,,,,,35
20200404,MT,265,"5,912",,,24,,,,,,5
20200404,NC,"2,402","36,371",,271,,,,,,,24
20200404,ND,186,"6,021",,,30,,,,,63,3
20200404,NE,321,"5,058",10,,,,,,,,6
20200404,NH,540,"6,965",94,,80,,,,,144,7
20200404,NJ,"34,124","41,232",,"4,000",,,,,,,846
20200404,NM,495,"15,137",,41,,,,18,,26,10
20200404,NV,"1,742","14,421",,,,,,,,,46
20200404,NY,"113,704","169,917",,"15,905","26,383","4,126",,,,10478,3565
20200404,OH,"3,739","38,132",,,"1,006",,326,,,,102
20200404,OK,"1,159","1,362",,,316,,,,,,42
20200404,OR,999,"16,535",,,239,,,38,,,26
20200404,PA,"10,017","60,013",,,"1,004",,,,,,136
20200404,PR,452,"2,605","1,129",,,,,,,,18
20200404,RI,806,"5,584",,93,,31,,6,,35,17
20200404,SC,"1,917","16,397",,,241,,,,,,40
20200404,SD,212,"5,012",1,,19,,,,,76,2
20200404,TN,"3,321","38,070",,,311,,,,,416,43
20200404,TX,"6,110","57,641",,196,,,,,,38,105
20200404,UT,"1,428","26,615",,,117,,,,,,8
20200404,VA,"2,407","19,145",,,390,,145,,108,,52
20200404,VI,40,184,42,,,,,,,34,
20200404,VT,461,"5,383",,29,45,,,,,15,20
20200404,WA,"7,934","75,633",,574,,174,,,,,345
20200404,WI,"2,112","23,859",,,588,,,,,,56
20200404,WV,282,"7,404",,,,,,,,,2
20200404,WY,187,"2,945",,,23,,,,,49,0
20200403,AK,157,"5,859",,,15,,,,,,3
20200403,AL,"1,432","8,187",,,,,,,,,35
20200403,AR,704,"8,995",,71,105,,,26,39,60,12
20200403,AS,0,3,2,,,,,,,,0
20200403,AZ,"1,769","22,904",,,,,,,,,41
20200403,CA,"10,701","24,599","59,500","2,188",,901,,,,,237
20200403,CO,"3,728","16,683",,,710,,,,,,97
20200403,CT,"4,914","15,101",,909,,,,,,,131
20200403,DC,757,"4,827",,,,,,,,206,15
20200403,DE,450,"4,995",,63,,,,,,71,14
20200403,FL,"9,585","82,137","1,225",,"1,287",,,,,,163
20200403,GA,"5,831","19,434",,,"1,158",,,,,,184
20200403,GU,84,459,,19,,2,,,,14,4
20200403,HI,285,"10,206",,,15,,6,,,72,2
20200403,IA,699,"8,754",,80,138,,,,,188,11
20200403,ID,891,"7,054",,,56,,7,,,,9
20200403,IL,"8,904","39,144",,,,,,,,,210
20200403,IN,"3,437","14,398",,,,,,,,,102
20200403,KS,620,"6,454",,,151,,,,,,17
20200403,KY,770,"12,034",,,,,,,,,31
20200403,LA,"10,297","43,348",,"1,707",,,,535,,,370
20200403,MA,"10,402","52,560",,,966,,,,,,192
20200403,MD,"2,758","20,932",,,664,,,,,159,42
20200403,ME,432,"6,088",,,75,,,,,113,9
20200403,MI,"15,252","33,670",,,,,,,,56,479
20200403,MN,789,"23,438",,86,156,40,40,,,,22
20200403,MO,"2,113","19,357",,,,,,,,,19
20200403,MP,8,13,10,,,,,,,,1
20200403,MS,"1,358","4,753",,,420,,,,,,29
20200403,MT,243,"5,333",,,24,,,,,,5
20200403,NC,"2,093","29,505",,184,,,,,,,19
20200403,ND,173,"5,625",,,29,,,,,55,3
20200403,NE,279,"4,487",11,,,,,,,,6
20200403,NH,479,"6,575",114,,73,,,,,101,5
20200403,NJ,"29,895","37,608",,"3,016",,,,,,,646
20200403,NM,403,"14,375",,31,,,,,,26,7
20200403,NV,"1,514","13,018",,,,,,,,,43
20200403,NY,"102,863","157,657",,"14,810","23,696","3,731",,,,8886,2935
20200403,OH,"3,312","35,063",,,895,,288,,,,91
20200403,OK,988,"1,315",,171,289,123,,,,383,38
20200403,OR,899,"16,535",,188,204,,,38,,,22
20200403,PA,"8,420","53,695",,,852,,,,,,102
20200403,PR,378,"2,049","1,055",,,,,,,,15
20200403,RI,709,"4,857",,77,,14,,6,,35,14
20200403,SC,"1,554","5,441",,,241,,,,,,31
20200403,SD,187,"4,593",3,,17,,,,,69,2
20200403,TN,"3,067","34,772",,,293,,,,,248,37
20200403,TX,"5,330","50,434",,196,,,,,,38,90
20200403,UT,"1,246","23,002",,,106,,,,,,7
20200403,VA,"2,012","16,993",,,312,,145,,108,,46
20200403,VI,38,154,56,,,,,,,29,
20200403,VT,389,"4,839",,29,45,,,,,15,17
20200403,WA,"7,548","72,833",,,,,,,,,325
20200403,WI,"1,912","22,377",,,487,,,,,,37
20200403,WV,237,"6,130",,,1,,,,,,2
20200403,WY,162,"2,704",,,21,,,,,37,0
20200402,AK,143,"4,879",,,9,,,,,,3
20200402,AL,"1,233","7,503",,,,,,,,,32
20200402,AR,643,"7,880",,66,100,,,23,32,47,12
20200402,AS,0,3,2,,,,,,,,0
20200402,AZ,"1,598","21,111",,,,,,,,,32
20200402,CA,"9,191","23,809","59,500","1,922",,816,,,,,203
20200402,CO,"3,342","15,303",,,620,,,,,,80
20200402,CT,"3,824","14,476",,827,,,,,,,112
20200402,DC,653,"4,417",,,,,,,,173,12
20200402,DE,393,"4,566",,56,,,,,,49,12
20200402,FL,"8,010","69,286","1,285",,"1,123",,,,,,128
20200402,GA,"5,348","17,609",,,"1,056",,,,,,163
20200402,GU,82,442,,19,,2,,,,12,3
20200402,HI,258,"10,206",,,15,,6,,,69,1
20200402,IA,614,"8,054",,74,120,,,,,46,11
20200402,ID,669,"6,613",,,49,,7,,,,9
20200402,IL,"7,695","35,961",,,,,,,,,157
20200402,IN,"3,039","13,246",,,,,,,,,78
20200402,KS,552,"6,059",,,138,,,,,,13
20200402,KY,680,"7,220",,,,,,,,,20
20200402,LA,"9,150","41,936",,"1,639",,,,507,,,310
20200402,MA,"8,966","47,642",,,813,,,,,,154
20200402,MD,"2,331","18,890",,,582,,,,,81,36
20200402,ME,376,"6,088",,,68,,,,,94,7
20200402,MI,"14,117","30,368",,,,,,,,,417
20200402,MN,742,"21,652",,75,138,38,38,,,,18
20200402,MO,"1,834","17,849",,,,,,,,,19
20200402,MP,8,13,12,,,,,,,,1
20200402,MS,"1,177","4,753",,,360,,,,,,26
20200402,MT,227,"5,093",,,20,,,,,,5
20200402,NC,"1,857","26,822",,184,,,,,,,16
20200402,ND,159,"4,821",,,28,,,,,43,3
20200402,NE,246,"3,978",11,,,,,,,,5
20200402,NH,415,"6,078",126,,58,,,,,91,4
20200402,NJ,"25,590","33,520",,"2,000",,,,,,,537
20200402,NM,363,"13,648",,31,,,,,,26,6
20200402,NV,"1,458","12,588",,,,,,,,,38
20200402,NY,"92,381","146,584",,"13,383","20,817","3,396",,,,7434,2373
20200402,OH,"2,902","32,016",,,802,,260,,,,81
20200402,OK,879,"1,265",,182,257,144,,,,,34
20200402,OR,826,"15,259",,134,188,,,38,,,21
20200402,PA,"7,016","47,698",,,730,,,,,,90
20200402,PR,316,"1,604","1,119",,,,,,,,12
20200402,RI,657,"4,412",,72,,14,,6,,35,12
20200402,SC,"1,554","5,441",,,896,,,,,,31
20200402,SD,165,"4,217",0,,17,,,,,57,2
20200402,TN,"2,845","31,766",,,263,,,,,220,32
20200402,TX,"4,669","46,010",,196,,,,,,38,70
20200402,UT,"1,074","20,155",,,100,,,,,,7
20200402,VA,"1,706","15,883",,246,305,,145,,108,,41
20200402,VI,33,149,42,,,,,,,25,
20200402,VT,338,"4,711",,29,45,,,,,15,17
20200402,WA,"6,962","68,814",,,,,,,,,296
20200402,WI,"1,730","20,317",,,461,,,,,,31
20200402,WV,217,"5,276",,,1,,,,,,2
20200402,WY,150,"2,439",,,19,,,,,31,0
20200401,AK,133,"4,470",,,9,,,,,,3
20200401,AL,"1,077","6,697",,,,,,,,,26
20200401,AR,584,"7,354",,56,90,,,25,32,42,10
20200401,AS,0,3,2,,,,,,,,0
20200401,AZ,"1,413","19,645",,,,,,,,,29
20200401,CA,"8,155","21,772","57,400","1,855",,774,,,,,171
20200401,CO,"2,966","13,883",,,509,,,,,,69
20200401,CT,"3,557","13,043",,766,,,,,,,85
20200401,DC,586,"3,262",2,,,,,,,142,11
20200401,DE,368,"4,015",,51,,,,,,49,11
20200401,FL,"6,955","59,529","1,235",,949,,,,,,87
20200401,GA,"4,638","15,688",,,952,,,,,,139
20200401,GU,77,406,,19,,2,,,,9,3
20200401,HI,208,"8,721",,,13,,6,,,58,1
20200401,IA,549,"7,304",,63,99,,,,,118,9
20200401,ID,525,"6,076",,,46,,7,,,,9
20200401,IL,"6,980","33,404",,,,,,,,,141
20200401,IN,"2,565","11,810",,,,,,,,,65
20200401,KS,482,"5,411",,,114,,,,,,10
20200401,KY,591,"6,965",,,,,,,,,17
20200401,LA,"6,424","39,352",,"1,498",,,,490,,,273
20200401,MA,"7,738","44,000",,,682,,,,,,122
20200401,MD,"1,985","17,233",,,522,,,,,,31
20200401,ME,344,"6,088",,,63,,,,,80,7
20200401,MI,"12,888","27,237",,,,,,,,,337
20200401,MN,689,"20,502",,54,122,27,27,,,,17
20200401,MO,"1,581","15,846",,,,,,,,,18
20200401,MP,6,,,,,,,,,,
20200401,MS,"1,073","3,712",,,332,,,,,,22
20200401,MT,208,"4,710",,,17,,,,,,5
20200401,NC,"1,584","24,659",,204,,,,,,,10
20200401,ND,142,"4,351",,,23,,,,,34,3
20200401,NE,210,"3,475",8,,,,,,,,4
20200401,NH,415,"5,985",97,,56,,,,,56,4
20200401,NJ,"22,255","30,387",,"2,000",,,,,,,355
20200401,NM,315,"12,925",,24,,,,,,26,5
20200401,NV,"1,279","11,519",,,,,,,,,26
20200401,NY,"83,712","137,168",,"12,226","18,368","3,022",,,,6142,1941
20200401,OH,"2,547","26,992",,,679,,222,,,,65
20200401,OK,719,"1,248",,174,219,98,,,,,30
20200401,OR,736,"13,136",,132,154,,,40,,,18
20200401,PA,"5,805","42,427",,,620,,,,,,74
20200401,PR,286,"1,409",897,,,,,,,,11
20200401,RI,566,"3,831",,60,,14,,6,,35,10
20200401,SC,"1,293","5,033",,,349,,,,,,26
20200401,SD,129,"3,903",0,,12,,,,,51,2
20200401,TN,"2,683","29,769",,,200,,,,,137,24
20200401,TX,"3,997","43,860",,196,,,,,,38,58
20200401,UT,"1,012","20,155",,,91,,,,,,7
20200401,VA,"1,484","13,860",,,305,,145,,108,,34
20200401,VI,30,126,24,,,,,,,21,
20200401,VT,321,"4,174",,30,45,,,,,15,16
20200401,WA,"6,593","60,566",,,,,,,,,270
20200401,WI,"1,550","18,819",,,398,,,,,,24
20200401,WV,191,"4,384",,,1,,,,,,1
20200401,WY,130,"2,218",,,18,,,,,31,0
20200331,AK,119,"3,594",,,7,,,,,,3
20200331,AL,981,"6,298",,,,,,,,,13
20200331,AR,523,"5,959",,64,,,,23,,35,8
20200331,AS,0,3,2,,,,,,,,0
20200331,AZ,"1,289","18,082",,,,,,,,,24
20200331,CA,"7,482","21,772","57,400","1,617",,657,,,,,153
20200331,CO,"2,627","12,737",,,414,,,,,,51
20200331,CT,"3,128","13,029",,608,,,,,,,69
20200331,DC,495,"3,262",2,,,,,,,121,9
20200331,DE,319,"3,696",,57,,,,,,22,10
20200331,FL,"6,338","54,285","1,163",,823,,,,,,77
20200331,GA,"3,929","12,252",,,833,,,,,,111
20200331,GU,69,371,,19,,2,,,,7,2
20200331,HI,204,"8,471",,,12,,6,,,49,
20200331,IA,497,"6,888",,61,94,,,,,33,7
20200331,ID,415,"5,297",,,45,,6,,,,7
20200331,IL,"5,994","29,231",,,,,,,,,99
20200331,IN,"2,159","11,214",,,,,,,,,49
20200331,KS,428,"4,996",,,79,,,,,,9
20200331,KY,480,"6,330",,,,,,,,,11
20200331,LA,"5,237","33,730",,"1,355",,,,438,,,239
20200331,MA,"6,620","40,315",,,562,,,,,,89
20200331,MD,"1,660","14,868",,,429,,,,,,18
20200331,ME,303,"6,088",,,57,,,,,68,5
20200331,MI,"11,875","23,979",,,,,,,,,259
20200331,MN,629,"19,151",,56,112,26,26,,,,12
20200331,MO,"1,327","14,614",,,,,,,,,14
20200331,MP,2,,,,,,,,,,
20200331,MS,937,"3,537",,,211,,,,,,20
20200331,MT,184,"4,234",,,14,,,,,,4
20200331,NC,"1,498","21,608",,157,,,,,,,8
20200331,ND,126,"4,131",,,21,,,,,30,3
20200331,NE,172,"2,931",8,,,,,,,,3
20200331,NH,314,"5,413",65,,45,,,,,,3
20200331,NJ,"18,696","27,077",,"2,000",,,,,,,267
20200331,NM,281,"12,246",,22,,,,,,26,4
20200331,NV,"1,113","10,681",,,,,,,,,17
20200331,NY,"75,795","129,391",,"10,929","15,904","2,710",,,,4975,1550
20200331,OH,"2,199","26,992",,,585,,198,,,,55
20200331,OK,565,"1,229",,,177,83,,,,,23
20200331,OR,690,"13,136",,132,154,,,40,,,18
20200331,PA,"4,843","37,645",,,514,,,,,,63
20200331,PR,239,"1,195",854,,,,,,,,8
20200331,RI,489,"3,476",,59,,9,,6,,35,8
20200331,SC,"1,083","4,616",,,259,,,,,,22
20200331,SD,108,"3,609",0,,12,,,,,44,1
20200331,TN,"2,239","25,121",,,175,,,,,121,23
20200331,TX,"3,266","39,726",,196,,,,,,38,41
20200331,UT,887,"17,626",,,73,,,,,,5
20200331,VA,"1,250","12,151",,,165,,,,,,27
20200331,VI,30,126,24,,,,,,,21,
20200331,VT,293,"3,957",,21,36,,,,,15,13
20200331,WA,"6,030","60,566",,,,,,,,,252
20200331,WI,"1,351","17,375",,,337,,,,,,16
20200331,WV,162,"3,981",,,1,,,,,,1
20200331,WY,109,"1,999",,,17,,,,,26,0
20200330,AK,114,"3,540",,,7,,,,,,3
20200330,AL,859,"5,694",,,,,,,,,6
20200330,AR,473,"5,262",,62,,,,21,,29,7
20200330,AS,,,,,,,,,,,0
20200330,AZ,"1,157","15,602",,,,,,,,,20
20200330,CA,"6,447","20,549","64,400","1,432",,597,,,,,133
20200330,CO,"2,627","12,737",,,414,,,,,,51
20200330,CT,"2,571","12,029",,517,,,,,,,36
20200330,DC,401,"2,682",2,,,,,,,106,9
20200330,DE,264,"2,216",,45,,,,,,9,6
20200330,FL,"5,473","48,225",,,652,,,,,,63
20200330,GA,"2,809","9,915",,,707,,,,,,87
20200330,GU,58,352,,19,,2,,,,7,1
20200330,HI,175,"7,825",,,12,,,,,,
20200330,IA,424,"6,162",,51,74,,,,,23,6
20200330,ID,310,"4,396",,,39,,,,,,6
20200330,IL,"5,057","25,389",,,,,,,,,73
20200330,IN,"1,786","9,872",,,,,,,,,35
20200330,KS,368,"4,554",,,66,,,,,,8
20200330,KY,439,"5,579",,,,,,,,,9
20200330,LA,"4,025","30,008",,"1,185",,,,385,,,185
20200330,MA,"5,752","37,041",,,453,,,,,,56
20200330,MD,"1,413","13,316",,,353,,,,,,15
20200330,ME,275,"3,394",,,49,,,,,41,3
20200330,MI,"10,901","21,183",,,,,,,,,184
20200330,MN,576,"18,246",,56,92,24,24,,,,10
20200330,MO,"1,031","13,204",,,,,,,,,13
20200330,MP,2,,,,,,,,,,
20200330,MS,847,"2,989",,,195,,,,,,16
20200330,MT,171,"4,143",,,10,,,,,,4
20200330,NC,"1,307","19,557",,137,,,,,,,6
20200330,ND,109,"3,728",,,19,,,,,19,2
20200330,NE,145,"2,584",5,,,,,,,,2
20200330,NH,314,"5,386",144,,45,,,,,,3
20200330,NJ,"16,636","25,224",,"2,000",,,,,,,198
20200330,NM,237,"10,942",,22,,,,,,26,2
20200330,NV,"1,008","10,207",,,,,,,,,15
20200330,NY,"66,497","119,971",,"9,517","13,721",2352,,,,4204,1218
20200330,OH,"1,933","25,342",,,475,,163,,,,39
20200330,OK,481,"1,207",,,153,103,,,,,17
20200330,OR,606,"12,277",,132,140,,,39,,,16
20200330,PA,"4,087","33,777",,,386,,,,,,49
20200330,PR,174,931,794,,,,,,,,6
20200330,RI,402,"3,187",,41,,9,,6,,,4
20200330,SC,925,"4,160",,,129,,,,,,18
20200330,SD,101,"3,478",0,,,,,,,34,1
20200330,TN,"1,834","21,470",,,148,,,,,,13
20200330,TX,"2,877","33,003",,,,,,,,38,34
20200330,UT,806,"15,197",,,,,,,,,4
20200330,VA,"1,020","11,018",,,136,,,,,,25
20200330,VI,30,126,24,,,,,,,,
20200330,VT,256,"3,674",,,18,,,,,,12
20200330,WA,"5,566","60,566",,,,,,,,,239
20200330,WI,"1,221","15,856",,,,,,,,,14
20200330,WV,126,"2,984",0,,1,,,,,,1
20200330,WY,94,"1,840",,,17,,,,,24,0
20200329,AK,102,"3,232",,,6,,,,,,2
20200329,AL,806,"4,184",,,,,,,,,4
20200329,AR,426,"3,027",,43,,,,16,,28,6
20200329,AS,,,,,,,,,,,0
20200329,AZ,919,"12,953",,,,,,,,,17
20200329,CA,"5,708","20,549","64,400","1,034",,410,,,,,123
20200329,CO,"2,061","11,215",,,274,,,,,,44
20200329,CT,"1,993","9,907",,404,,,,,,,34
20200329,DC,342,"2,469",1,,,,,,,66,5
20200329,DE,232,36,,33,,,,,,9,6
20200329,FL,"4,246","39,070",,,594,,,,,,56
20200329,GA,"2,651","9,913",,,666,,,,,,80
20200329,GU,56,334,,15,,,,,,7,1
20200329,HI,151,"6,849",,,12,,,,,,
20200329,IA,336,"5,013",,51,68,,,,,17,4
20200329,ID,261,"4,021",,,36,,,,,,5
20200329,IL,"4,596","23,166",,,,,,,,,65
20200329,IN,"1,514","8,316",,,,,,,,,32
20200329,KS,319,"4,194",,,55,,,,,,6
20200329,KY,394,"5,147",,,,,,,,,9
20200329,LA,"3,540","24,331",,"1,127",,,,380,,,151
20200329,MA,"4,955","34,111",,,399,,,,,,48
20200329,MD,"1,239","12,354",,,277,,,,,,10
20200329,ME,253,"3,394",,,,,,,,41,3
20200329,MI,"10,010","15,676",,,,,,,,,132
20200329,MN,503,"17,154",,39,75,,17,,,252,9
20200329,MO,838,"11,547",,,,,,,,,10
20200329,MP,2,,,,,,,,,,
20200329,MS,758,"2,560",,,235,,,,,,14
20200329,MT,154,"4,143",,,8,,,,,,1
20200329,NC,"1,040","17,905",,91,,,,,,,4
20200329,ND,98,"3,355",,,17,,,,,18,1
20200329,NE,108,"1,968",4,,,,,,,,2
20200329,NH,214,"4,524",285,,33,,,,,,2
20200329,NJ,"13,386","22,216",,"2,000",,,,,,,161
20200329,NM,237,"10,769",,19,,,,,,2,2
20200329,NV,738,"8,412",,,,,,,,,14
20200329,NY,"59,513","112,847",,"8,503","12,075",2037,,,,3572,965
20200329,OH,"1,653","19,012",,,403,,139,,,,29
20200329,OK,429,"1,205",,,140,,,,,,16
20200329,OR,548,"10,878",,107,129,,,37,,,13
20200329,PA,"3,394","30,061",,,353,,,,,,38
20200329,PR,127,841,817,,,,,,,,5
20200329,RI,294,"2,840",,35,,9,,6,,,3
20200329,SC,774,"3,015",,,129,,,,,,16
20200329,SD,90,"3,127",1,,,,,,,29,1
20200329,TN,"1,537","19,037",,,133,,,,,,7
20200329,TX,"2,552","23,208",,,,,,,,,34
20200329,UT,719,"13,274",,,,,,,,,2
20200329,VA,890,"9,719",,,112,,,,,,22
20200329,VI,23,123,37,,,,,,,,
20200329,VT,235,"3,466",,,18,,,,,,12
20200329,WA,"5,102","54,896",,,,,,,,,228
20200329,WI,"1,112","16,550",,,,,,,,,13
20200329,WV,113,"2,705",0,,1,,,,,,0
20200329,WY,86,"1,554",,,15,,,,,20,0
20200328,AK,85,"2,836",,,5,,,,,,2
20200328,AL,696,"4,184",,,,,,,,,3
20200328,AR,404,"2,938",,48,,,,17,,24,5
20200328,AS,,,,,,,,,,,0
20200328,AZ,873,"7,455",21,,,,,,,,15
20200328,CA,"4,643","20,549","64,400","1,034",,410,,,,,101
20200328,CO,"1,734","9,942",,,239,,,,,,31
20200328,CT,"1,291","7,109",,173,,,,,,,27
20200328,DC,304,"2,211",1,,,,,,,51,4
20200328,DE,214,36,,31,,,,,,9,3
20200328,FL,"3,763","35,366",,,526,,,,,,54
20200328,GA,"2,366","8,685",,,617,,,,,,69
20200328,GU,55,299,,15,,,,,,7,1
20200328,HI,120,"4,357",,,8,,,,,,
20200328,IA,298,"4,375",,46,61,,,,,15,3
20200328,ID,230,"3,342",,,25,,,,,,4
20200328,IL,"3,491","22,000",,,,,,,,,47
20200328,IN,"1,232","7,175",,,,,,,,,31
20200328,KS,261,"3,671",,,27,,,,,,5
20200328,KY,302,"4,821",,,,,,,,,8
20200328,LA,"3,315","21,846",,927,,,,336,,,137
20200328,MA,"4,257","30,792",,,350,,,,,,44
20200328,MD,992,"11,516",,,226,,,,,,5
20200328,ME,211,"3,394",,,,,,,,36,1
20200328,MI,"9,287","14,183",,,,,,,,,92
20200328,MN,441,"15,688",,30,57,,17,,,220,5
20200328,MO,838,"10,082",,,,,,,,,10
20200328,MP,2,,,,,,,,,,
20200328,MS,663,"2,560",,,219,,,,,,13
20200328,MT,129,"3,256",,,7,,,,,,1
20200328,NC,935,"16,592",,87,,,,,,,4
20200328,ND,83,"2,809",,,16,,,,,16,1
20200328,NE,96,"1,904",,,,,,,,,2
20200328,NH,187,"3,656",296,,30,,,,,,2
20200328,NJ,"11,124","19,386",,"2,000",,,,,,,140
20200328,NM,191,"9,196",,17,,,,,,,1
20200328,NV,621,"7,901",,,,,,,,,10
20200328,NY,"52,318","103,616",,"7,328","10,054",1755,,,,2726,728
20200328,OH,"1,406","19,012",,,344,,123,,,,25
20200328,OK,377,"1,180",,,126,,,,,,15
20200328,OR,479,"9,693",,107,117,,,31,,,13
20200328,PA,"2,751","25,254",,,316,,,,,,34
20200328,PR,100,739,792,,,,,,,,3
20200328,RI,239,"2,541",138,29,,9,,6,,,
20200328,SC,539,"2,408",,,129,,,,,,13
20200328,SD,68,"2,592",0,,,,,,,26,1
20200328,TN,"1,373","16,965",,,118,,,,,,6
20200328,TX,"2,052","23,208",,,,,,,,,27
20200328,UT,602,"10,710",,,,,,,,,2
20200328,VA,739,"8,427",,,99,,,,,,17
20200328,VI,22,106,55,,,,,,,,
20200328,VT,211,"2,163",,,18,,,,,,12
20200328,WA,"4,707","49,015",,,,,,,,,211
20200328,WI,989,"15,232",,,,,,,,,13
20200328,WV,96,"2,331",6,,1,,,,,,0
20200328,WY,82,"1,475",,,14,,,,,18,0
20200327,AK,69,"2,319",13,,3,,,,,,1
20200327,AL,587,"4,184",,,,,,,,,3
20200327,AR,381,"1,545",,48,,,,17,,19,3
20200327,AS,,,,,,,,,,,0
20200327,AZ,736,"7,455",30,,,,,,,,13
20200327,CA,"3,879","17,380","57,400",746,,200,,,,,78
20200327,CO,"1,430","8,692",,,184,,,,,,24
20200327,CT,"1,291","7,109",,173,,,,,,,27
20200327,DC,267,"1,897",2,,,,,,,49,3
20200327,DE,163,36,,15,,,,,,9,2
20200327,FL,"2,765","28,186","1,517",,456,,,,,,34
20200327,GA,"2,001","7,864",,,566,,,,,,64
20200327,GU,51,299,,13,,,,,,,1
20200327,HI,106,"4,357",,,7,,,,,,
20200327,IA,235,"3,740",,32,50,,,,,18,3
20200327,ID,189,"2,668",,,,,,,,,3
20200327,IL,"3,026","18,516",,,,,,,,,34
20200327,IN,981,"5,955",,,,,,,,,24
20200327,KS,202,"3,229",,,27,,,,,,4
20200327,KY,248,"3,768",,,,,,,,,6
20200327,LA,"2,746","18,613",,773,,,,270,,,119
20200327,MA,"3,240","26,131",,,219,,,,,,35
20200327,MD,774,94,,,173,,,,,25,5
20200327,ME,168,"3,394",,,,,,,,24,1
20200327,MI,"8,659","12,639",,,,,,,,,92
20200327,MN,398,"13,605",,34,51,,17,,,180,4
20200327,MO,669,369,,,,,,,,,8
20200327,MP,0,,,,,,,,,,0
20200327,MS,579,"2,560",,,185,,,,,,8
20200327,MT,108,"2,590",,,7,,,,,,
20200327,NC,763,"14,373",,77,,,,,,,3
20200327,ND,65,"2,427",,,13,,,,,15,0
20200327,NE,85,"1,761",,,,,,,,,0
20200327,NH,158,"3,395",592,,25,,,,,,1
20200327,NJ,"8,825","16,547",,"2,000",,,,,,,108
20200327,NM,136,"8,377",,,,,,,,,1
20200327,NV,535,"6,161",,,,,,,,,10
20200327,NY,"44,635","101,118",,"6,481","8,526",1583,,,,2045,519
20200327,OH,"1,137","19,012",,,276,,107,,,,19
20200327,OK,322,"1,084",,,105,,,,,,8
20200327,OR,414,"8,510",,91,102,,,31,,,12
20200327,PA,"2,218","21,016",,,241,,,,,,22
20200327,PR,79,519,334,,,,,,,,3
20200327,RI,203,"2,306",138,28,,9,,6,,,
20200327,SC,456,"2,307",,,109,,,,,,9
20200327,SD,58,"2,387",20,,,,,,,21,1
20200327,TN,"1,203","14,888",,,103,,,,,,6
20200327,TX,"1,731","21,935",,,,,,,,,23
20200327,UT,480,"8,764",,,,,,,,,2
20200327,VA,604,"6,733",,,83,,,,,,14
20200327,VI,19,55,2,,,,,,,,
20200327,VT,184,"2,077",,,18,,,,,,10
20200327,WA,"4,238","43,173",,,,,,,,,191
20200327,WI,842,"13,140",,,,,,,,,13
20200327,WV,76,"1,779",43,,1,,,,,,0
20200327,WY,70,"1,211",,,11,,,,,17,0
20200326,AK,59,"1,801",,,3,,,,,,1
20200326,AL,506,"3,593",,,,,,,,,1
20200326,AR,335,"1,504",,41,,,,13,,13,3
20200326,AS,,,,,,,,,,,0
20200326,AZ,577,347,33,,,,,,,,8
20200326,CA,"3,006","17,380","57,400",,,,,,,,65
20200326,CO,"1,086","6,978",,,148,,,,,,19
20200326,CT,"1,012","5,625",,125,,,,,,,21
20200326,DC,231,"1,626",1,,,,,,,21,3
20200326,DE,130,36,,13,,,,,,4,1
20200326,FL,"2,355","23,741","1,443",,406,,,,,,28
20200326,GA,"1,525","7,401",,,473,,,,,,48
20200326,GU,45,263,,11,,,,,,,1
20200326,HI,95,"4,357",,,5,,,,,,
20200326,IA,179,"2,578",,31,46,,,,,15,1
20200326,ID,123,"2,065",,,,,,,,,0
20200326,IL,"2,538","14,093",,,,,,,,,26
20200326,IN,645,"4,006",,,,,,,,,17
20200326,KS,168,"2,869",,,,,,,,,3
20200326,KY,198,"3,102",,,,,,,,,4
20200326,LA,"2,305","15,724",,676,,,,239,,,83
20200326,MA,"2,417","21,204",,,219,,,,,,25
20200326,MD,580,94,,,132,,,,,,4
20200326,ME,155,"3,394",,,,,,,,16,
20200326,MI,"7,767","10,305",,,,,,,,,60
20200326,MN,346,"12,604",,31,41,,,,,,2
20200326,MO,502,369,,,,,,,,,8
20200326,MP,0,,,,,,,,,,0
20200326,MS,485,"2,291",,,150,,,,,,6
20200326,MT,71,"2,128",,,1,,,,,,
20200326,NC,636,"12,274",,29,,,,,,,2
20200326,ND,52,"2,039",,,10,,,,,,0
20200326,NE,73,"1,584",,,,,,,,,0
20200326,NH,137,"3,001",712,,19,,,,,,1
20200326,NJ,"6,876","13,661",,"1,080",,,,,,,81
20200326,NM,112,"7,681",,,,,,,,,1
20200326,NV,420,"4,697",,,,,,,,,10
20200326,NY,"37,258","84,846",,"5,327","6,844",1290,,,,,385
20200326,OH,867,"16,449",,,223,,91,,,,15
20200326,OK,248,958,,,86,,,,,,7
20200326,OR,327,"6,953",,,90,,,,,,11
20200326,PA,"1,687","16,441",,,,,,,,,16
20200326,PR,64,377,335,,,,,,,,2
20200326,RI,165,"1,262",181,23,,9,,6,,,
20200326,SC,456,"2,307",,,109,,,,,,9
20200326,SD,46,"1,973",125,,,,,,,16,1
20200326,TN,957,"13,952",,,76,,,,,,3
20200326,TX,"1,396","20,028",,,,,,,,,18
20200326,UT,402,"7,308",,,,,,,,,1
20200326,VA,460,"5,729",,,65,,,,,,13
20200326,VI,17,55,2,,,,,,,,
20200326,VT,158,"1,850",,,,,,,,,9
20200326,WA,"3,745","31,712",,,,,,,,,177
20200326,WI,707,"11,583",,,,,,,,,8
20200326,WV,51,"1,031",19,,1,,,,,,0
20200326,WY,53,"1,052",,,,,,,,12,
20200325,AK,42,"1,649",,,1,,,,,,1
20200325,AL,283,"2,529",,,,,,,,,0
20200325,AR,280,"1,437",,22,,,,4,,11,2
20200325,AS,,,,,,,,,,,0
20200325,AZ,450,323,53,,,,,,,,6
20200325,CA,"2,355","15,921","48,600",,,,,,,,53
20200325,CO,912,"6,789",,,84,,,,,,11
20200325,CT,875,"5,023",,113,,,,,,,19
20200325,DC,183,"1,423",3,,,,,,,,2
20200325,DE,115,36,,11,,,,,,,0
20200325,FL,"1,682","15,374","1,233",,316,,,,,,22
20200325,GA,"1,247","4,932",,,394,,,,,,40
20200325,GU,37,233,,10,,,,,,,1
20200325,HI,90,"4,357",,,6,,,,,,
20200325,IA,145,"2,578",,23,36,,,,,,1
20200325,ID,73,"1,887",,,,,,,,,0
20200325,IL,"1,865","12,344",,,,,,,,,19
20200325,IN,477,"2,879",,,1,,,,,,14
20200325,KS,126,"2,360",,,,,,,,,3
20200325,KY,157,"2,865",,,,,,,,,4
20200325,LA,"1,795","9,656",,491,,,,163,,,65
20200325,MA,"1,838","17,956",,,103,,,,,,15
20200325,MD,423,94,,,,,,,,,4
20200325,ME,149,"3,177",,,,,,,,7,
20200325,MI,"7,060","7,537",,,,,,,,,43
20200325,MN,287,"11,188",,26,35,,,,,122,1
20200325,MO,356,369,,,,,,,,,8
20200325,MP,0,,,,,,,,,,0
20200325,MS,377,"1,566",,,117,,,,,,2
20200325,MT,53,"1,948",,,,,,,,,
20200325,NC,504,"9,985",,29,,,,,,,1
20200325,ND,39,"1,734",,,8,,,,,,0
20200325,NE,61,"1,304",,,,,,,,,0
20200325,NH,108,"2,356",804,,13,,,,,,1
20200325,NJ,"4,402","10,452",,,,,,,,,62
20200325,NM,100,"6,742",,,,,,,,,1
20200325,NV,321,"4,251",,,,,,,,,6
20200325,NY,"30,811","72,668",,,"3,805",,,,,,285
20200325,OH,704,"14,060",,,182,,74,,,,10
20200325,OK,164,805,,,59,,,,,,5
20200325,OR,209,"4,350",,,61,,,,,,8
20200325,PA,"1,127","11,193",,,,,,,,,11
20200325,PR,51,317,70,,,,,,,,2
20200325,RI,132,"1,262",196,15,,,,,,,
20200325,SC,424,"2,303",,,102,,,,,,7
20200325,SD,41,819,268,,,,,,,,1
20200325,TN,784,"11,012",,,53,,,,,,3
20200325,TX,974,"12,520",,,,,,,,,12
20200325,UT,346,"6,491",,,,,,,,,1
20200325,VA,391,"4,979",,,59,,,,,,9
20200325,VI,17,55,2,,,,,,,,
20200325,VT,123,"1,589",,,,,,,,,8
20200325,WA,"3,275","31,712",,,,,,,,,155
20200325,WI,585,"10,089",,,,,,,,,7
20200325,WV,39,759,6,,1,,,,,,0
20200325,WY,44,954,,,,,,,,7,
20200324,AK,36,986,,,0,,,,,,
20200324,AL,215,"2,106",,,,,,,,,0
20200324,AR,218,947,,22,,,,,,,0
20200324,AS,,,,,,,,,,,0
20200324,AZ,357,313,22,,,,,,,,5
20200324,CA,"2,102","13,452","12,100",,,,,,,,40
20200324,CO,720,"5,504",,,72,,,,,,7
20200324,CT,618,"4,682",,71,,,,,,,12
20200324,DC,137,"1,195",2,,,,,,,,2
20200324,DE,91,36,,,,,,,,,0
20200324,FL,"1,412","13,127","1,008",,259,,,,,,18
20200324,GA,"1,026","4,458",,,,,,,,,32
20200324,GU,32,201,,5,,,,,,,1
20200324,HI,77,"3,589",,,4,,,,,,
20200324,IA,124,"2,315",,,27,,,,,,
20200324,ID,50,"1,887",,,,,,,,,0
20200324,IL,"1,535","9,934",,,,,,,,,16
20200324,IN,365,"2,566",,,1,,,,,,12
20200324,KS,98,"2,086",,,,,,,,,2
20200324,KY,124,"1,762",,,,,,,,,4
20200324,LA,"1,388","7,215",,271,,,,,,,46
20200324,MA,"1,159","12,590",,,94,,,,,,11
20200324,MD,349,94,,,,,,,,,3
20200324,ME,125,"3,014",,,,,,,,,
20200324,MI,"1,791","5,796",,,,,,,,,24
20200324,MN,262,"5,550",,,21,,,,,,1
20200324,MO,183,369,,,,,,,,,3
20200324,MP,0,,,,,,,,,,0
20200324,MS,320,"1,552",,,86,,,,,,1
20200324,MT,46,"1,643",,,,,,,,,
20200324,NC,398,"8,141",,,,,,,,,0
20200324,ND,34,"1,454",,,5,,,,,,0
20200324,NE,52,975,,,,,,,,,0
20200324,NH,101,"1,447",869,,11,,,,,,1
20200324,NJ,"3,675","8,325",45,,,,,,,,44
20200324,NM,83,"5,890",,,,,,,,,
20200324,NV,278,"3,954",,,,,,,,,4
20200324,NY,"25,665","65,605",,,"3,234",,,,,,210
20200324,OH,564,140,,,145,,,,,,8
20200324,OK,106,735,,,25,,,,,,3
20200324,OR,209,"4,350",,,61,,,,,,8
20200324,PA,851,"8,643",,,,,,,,,7
20200324,PR,39,268,42,,,,,,,,2
20200324,RI,124,"1,200",77,,,,,,,,
20200324,SC,298,"2,012",,,,,,,,,5
20200324,SD,30,790,268,,,,,,,,1
20200324,TN,667,"10,517",,,,,,,,,2
20200324,TX,410,"10,757",,,,,,,,,9
20200324,UT,299,"5,524",,,,,,,,,1
20200324,VA,290,"4,180",,,45,,,,,,7
20200324,VI,17,,,,,,,,,,
20200324,VT,95,"1,440",,,,,,,,,7
20200324,WA,"2,823","31,712",,,,,,,,,142
20200324,WI,457,"8,237",,,,,,,,,5
20200324,WV,20,610,0,,1,,,,,,0
20200324,WY,29,710,,,,,,,,,
20200323,AK,22,946,,,0,,,,,,
20200323,AL,167,"1,665",,,,,,,,,0
20200323,AR,174,906,,13,,,,,,,0
20200323,AS,,,,,,,,,,,0
20200323,AZ,265,309,6,,,,,,,,2
20200323,CA,"1,733","12,567","12,100",,,,,,,,27
20200323,CO,591,"4,845",,,58,,,,,,6
20200323,CT,415,"4,085",,54,,,,,,,10
20200323,DC,116,"1,113",,,,,,,,,2
20200323,DE,68,36,,,,,,,,,0
20200323,FL,"1,171","11,063",860,,217,,,,,,14
20200323,GA,772,"4,297",,,,,,,,,25
20200323,GU,29,161,,,,,,,,,1
20200323,HI,56,"2,955",,,,,,,,,
20200323,IA,105,"2,043",,,,,,,,,
20200323,ID,47,"1,309",,,,,,,,,0
20200323,IL,"1,273","8,583",,,,,,,,,12
20200323,IN,259,"1,701",,,1,,,,,,7
20200323,KS,82,417,,,,,,,,,2
20200323,KY,104,"1,762",,,,,,,,,3
20200323,LA,"1,172","4,776",,,,,,,,,34
20200323,MA,777,"8,145",,,79,,,,,,9
20200323,MD,288,94,,,,,,,,,3
20200323,ME,107,"2,791",,,,,,,,,
20200323,MI,"1,328","4,697",,,,,,,,,15
20200323,MN,235,"4,511",,,17,,,,,,1
20200323,MO,183,369,,,,,,,,,3
20200323,MP,0,,,,,,,,,,0
20200323,MS,249,"1,143",,,33,,,,,,1
20200323,MT,34,"1,146",,,,,,,,,
20200323,NC,297,"8,141",,,,,,,,,0
20200323,ND,30,"1,353",,,4,,,,,,0
20200323,NE,50,356,,,,,,,,,0
20200323,NH,78,"1,374",889,,,,,,,,
20200323,NJ,"2,844",359,94,,,,,,,,27
20200323,NM,65,"5,321",,,,,,,,,
20200323,NV,245,"3,490",,,,,,,,,4
20200323,NY,"20,875","57,414",,,"2,635",,,,,,114
20200323,OH,442,140,,,104,,,,,,6
20200323,OK,81,694,102,,15,,,,,,2
20200323,OR,191,"3,649",,,56,,,,,,5
20200323,PA,644,"6,595",,,,,,,,,6
20200323,PR,31,189,35,,,,,,,,2
20200323,RI,106,"1,143",216,,,,,,,,
20200323,SC,298,"1,466",,,,,,,,,5
20200323,SD,28,762,265,,,,,,,,1
20200323,TN,615,"3,272",,,,,,,,,2
20200323,TX,352,"9,703",,,,,,,,,8
20200323,UT,257,"4,790",,,,,,,,,1
20200323,VA,254,"3,443",,,38,,,,,,6
20200323,VI,17,,,,,,,,,,
20200323,VT,75,"1,106",,,,,,,,,5
20200323,WA,"2,450","28,879",,,,,,,,,133
20200323,WI,416,"7,050",,,,,,,,,5
20200323,WV,16,444,4,,1,,,,,,0
20200323,WY,26,592,,,,,,,,,
20200322,AK,22,946,,,0,,,,,,
20200322,AL,138,"1,464",,,,,,,,,0
20200322,AR,165,711,119,13,,,,,,,0
20200322,AS,,,,,,,,,,,0
20200322,AZ,152,282,87,,,,,,,,2
20200322,CA,"1,536","11,304",,,,,,,,,27
20200322,CO,475,"4,075",,,49,,,,,,5
20200322,CT,223,"2,877",,43,,,,,,,5
20200322,DC,98,957,,,,,,,,,1
20200322,DE,56,36,,,,,,,,,0
20200322,FL,830,"7,990",963,,185,,,,,,13
20200322,GA,600,"3,420",,,,,,,,,23
20200322,GU,27,126,,,,,,,,,1
20200322,HI,48,263,,,,,,,,,
20200322,IA,90,"1,215",,,,,,,,,
20200322,ID,42,"1,175",,,,,,,,,0
20200322,IL,"1,049","7,271",,,,,,,,,9
20200322,IN,201,"1,293",,,1,,,,,,6
20200322,KS,64,417,,,,,,,,,2
20200322,KY,99,"1,472",,,,,,,,,3
20200322,LA,837,"2,661",,,,,,,,,20
20200322,MA,646,"5,459",,,71,,,,,,5
20200322,MD,244,94,,,,,,,,,3
20200322,ME,89,"2,264",,,,,,,,,
20200322,MI,"1,035","3,712",,,,,,,,,8
20200322,MN,169,"4,511",,,12,,,,,,1
20200322,MO,90,369,,,,,,,,,3
20200322,MP,0,,,,,,,,,,0
20200322,MS,207,"1,114",,,33,,,,,,1
20200322,MT,31,"1,146",,,,,,,,,
20200322,NC,255,"6,183",,,,,,,,,0
20200322,ND,28,"1,260",,,3,,,,,,0
20200322,NE,48,356,,,,,,,,,0
20200322,NH,65,"1,188",959,,,,,,,,
20200322,NJ,"1,914",327,49,,,,,,,,20
20200322,NM,57,"4,722",,,,,,,,,
20200322,NV,190,"2,448",,,,,,,,,2
20200322,NY,"15,168","46,233",,,"1,974",,,,,,114
20200322,OH,351,140,,,83,,,,,,3
20200322,OK,67,669,102,,11,,,,,,2
20200322,OR,161,"2,864",,,43,,,,,,4
20200322,PA,479,"4,964",,,,,,,,,2
20200322,PR,23,183,69,,,,,,,,
20200322,RI,83,932,216,,,,,,,,
20200322,SC,195,"1,466",,,,,,,,,3
20200322,SD,21,740,277,,,,,,,,1
20200322,TN,505,"3,272",,,,,,,,,
20200322,TX,334,"8,422",,,,,,,,,5
20200322,UT,181,"3,508",,,,,,,,,1
20200322,VA,219,"3,118",,,32,,,,,,3
20200322,VI,6,,,,,,,,,,
20200322,VT,52,"1,106",,,,,,,,,2
20200322,WA,"2,242","25,328",,,,,,,,,122
20200322,WI,385,"6,230",,,,,,,,,4
20200322,WV,12,385,1,,1,,,,,,0
20200322,WY,24,438,,,,,,,,,
20200321,AK,14,758,,,0,,,,,,
20200321,AL,124,28,,,,,,,,,0
20200321,AR,118,567,154,,,,,,,,
20200321,AS,,,,,,,,,,,0
20200321,AZ,104,240,122,,,,,,,,1
20200321,CA,"1,279","11,249",,,,,,,,,24
20200321,CO,363,"3,317",,,44,,,,,,4
20200321,CT,194,"2,106",,,,,,,,,4
20200321,DC,77,506,0,,,,,,,,1
20200321,DE,45,36,,,,,,,,,0
20200321,FL,658,"6,579","1,002",,158,,,,,,12
20200321,GA,507,"2,557",,,,,,,,,14
20200321,GU,15,108,,,,,,,,,
20200321,HI,37,124,,,,,,,,,
20200321,IA,68,"1,049",,,,,,,,,
20200321,ID,31,880,,,,,,,,,
20200321,IL,753,"5,488",,,,,,,,,6
20200321,IN,126,707,,,1,,,,,,4
20200321,KS,55,417,,,,,,,,,2
20200321,KY,54,714,,,,,,,,,2
20200321,LA,585,"2,180",,,,,,,,,16
20200321,MA,525,"4,752",,,61,,,,,,1
20200321,MD,190,94,,,,,,,,,2
20200321,ME,73,"2,264",,,,,,,,,
20200321,MI,787,"3,696",,,,,,,,,5
20200321,MN,138,"3,952",,,,,,,,,1
20200321,MO,73,369,,,,,,,,,3
20200321,MP,0,,,,,,,,,,0
20200321,MS,140,695,,,,,,,,,1
20200321,MT,20,"1,146",,,,,,,,,
20200321,NC,184,"5,092",,,,,,,,,0
20200321,ND,28,"1,141",,,3,,,,,,0
20200321,NE,38,356,,,,,,,,,0
20200321,NH,55,973,942,,,,,,,,
20200321,NJ,"1,327",294,40,,,,,,,,16
20200321,NM,57,"3,771",,,,,,,,,
20200321,NV,124,"2,384",,,,,,,,,2
20200321,NY,"10,356","35,081",,,"1,603",,,,,,44
20200321,OH,247,140,,,58,,,,,,3
20200321,OK,53,560,144,,10,,,,,,1
20200321,OR,114,"2,003",433,,,,,,,,3
20200321,PA,371,"3,766",,,,,,,,,2
20200321,PR,21,143,71,,,,,,,,
20200321,RI,66,862,290,,,,,,,,
20200321,SC,152,"1,255",,,,,,,,,1
20200321,SD,14,691,268,,,,,,,,1
20200321,TN,371,"3,272",,,,,,,,,
20200321,TX,304,"6,218",,,,,,,,,5
20200321,UT,136,"2,424",,,,,,,,,0
20200321,VA,152,"2,638",,,25,,,,,,2
20200321,VI,6,,,,,,,,,,
20200321,VT,29,779,,,,,,,,,2
20200321,WA,"2,006","21,719",,,,,,,,,108
20200321,WI,281,"4,628",,,,,,,,,4
20200321,WV,11,330,2,,1,,,,,,0
20200321,WY,23,438,,,,,,,,,
20200320,AK,12,686,,,,,,,,,
20200320,AL,81,28,,,,,,,,,0
20200320,AR,96,351,203,,,,,,,,
20200320,AS,,,,,,,,,,,0
20200320,AZ,65,211,101,,,,,,,,0
20200320,CA,"1,063","10,424",,,,,,,,,20
20200320,CO,277,"2,675",,,,,,,,,3
20200320,CT,194,604,,,,,,,,,3
20200320,DC,71,501,1,,,,,,,,1
20200320,DE,38,36,,,,,,,,,0
20200320,FL,520,"1,870","1,026",,,,,,,,10
20200320,GA,420,"1,966",,,,,,,,,13
20200320,GU,14,86,,,,,,,,,
20200320,HI,26,124,,,,,,,,,
20200320,IA,45,642,,,,,,,,,
20200320,ID,23,590,,,,,,,,,
20200320,IL,585,"3,696",,,,,,,,,5
20200320,IN,79,475,,,,,,,,,2
20200320,KS,44,417,,,,,,,,,1
20200320,KY,47,592,,,,,,,,,1
20200320,LA,479,568,,,,,,,,,12
20200320,MA,413,"3,678",,,,,,,,,1
20200320,MD,149,94,,,,,,,,,1
20200320,ME,57,"2,264",,,,,,,,,
20200320,MI,549,"2,746",,,,,,,,,3
20200320,MN,115,"3,741",,,,,,,,,
20200320,MO,47,369,,,,,,,,,1
20200320,MP,0,,,,,,,,,,0
20200320,MS,80,695,,,,,,,,,1
20200320,MT,16,931,,,,,,,,,
20200320,NC,137,"3,096",,,,,,,,,0
20200320,ND,20,800,,,,,,,,,0
20200320,NE,32,240,,,,,,,,,0
20200320,NH,44,745,631,,,,,,,,
20200320,NJ,890,264,86,,,,,,,,11
20200320,NM,43,"3,771",,,,,,,,,
20200320,NV,109,"1,992",,,,,,,,,1
20200320,NY,"7,102","25,325",,,,,,,,,35
20200320,OH,169,140,,,,,,,,,1
20200320,OK,49,538,374,,,,,,,,1
20200320,OR,114,"2,003",433,,,,,,,,3
20200320,PA,268,"2,574",,,,,,,,,1
20200320,PR,14,114,52,,,,,,,,
20200320,RI,54,800,140,,,,,,,,
20200320,SC,81,833,,,,,,,,,1
20200320,SD,14,663,270,,,,,,,,1
20200320,TN,228,563,,,,,,,,,
20200320,TX,194,"5,083",,,,,,,,,5
20200320,UT,112,"2,035",,,,,,,,,0
20200320,VA,114,"2,211",,,,,,,,,2
20200320,VI,3,,,,,,,,,,
20200320,VT,29,779,,,,,,,,,2
20200320,WA,"1,773","19,336",,,,,,,,,102
20200320,WI,206,"3,455",,,,,,,,,3
20200320,WV,7,219,13,,,,,,,,0
20200320,WY,19,331,,,,,,,,,
20200319,AK,6,432,,,,,,,,,
20200319,AL,68,28,,,,,,,,,0
20200319,AR,46,310,113,,,,,,,,
20200319,AS,,,,,,,,,,,0
20200319,AZ,44,175,130,,,,,,,,0
20200319,CA,924,"8,787",,,,,,,,,18
20200319,CO,216,"2,112",,,,,,,,,2
20200319,CT,96,604,,,,,,,,,1
20200319,DC,39,153,11,,,,,,,,0
20200319,DE,30,36,,,,,,,,,0
20200319,FL,390,"1,533","1,019",,,,,,,,8
20200319,GA,287,"1,544",,,,,,,,,10
20200319,GU,12,69,,,,,,,,,
20200319,HI,16,93,,,,,,,,,
20200319,IA,38,83,,,,,,,,,
20200319,ID,11,459,,,,,,,,,
20200319,IL,422,"2,725",,,,,,,,,4
20200319,IN,56,324,,,,,,,,,2
20200319,KS,34,417,,,,,,,,,1
20200319,KY,35,454,,,,,,,,,1
20200319,LA,347,458,,,,,,,,,8
20200319,MA,328,"2,804",,,,,,,,,
20200319,MD,107,94,,,,,,,,,1
20200319,ME,53,"2,004",,,,,,,,,
20200319,MI,336,"1,785",,,,,,,,,3
20200319,MN,89,"2,949",,,,,,,,,
20200319,MO,24,308,,,,,,,,,1
20200319,MP,0,,,,,,,,,,0
20200319,MS,50,552,,,,,,,,,
20200319,MT,12,761,,,,,,,,,
20200319,NC,97,"2,408",,,,,,,,,0
20200319,ND,15,493,,,,,,,,,0
20200319,NE,27,240,,,,,,,,,0
20200319,NH,39,621,231,,,,,,,,
20200319,NJ,742,210,74,,,,,,,,9
20200319,NM,35,"2,762",,,,,,,,,
20200319,NV,95,"1,626",,,,,,,,,1
20200319,NY,"4,152","18,132",,,,,,,,,12
20200319,OH,119,140,,,,,,,,,
20200319,OK,44,466,250,,,,,,,,1
20200319,OR,88,"1,329",437,,,,,,,,3
20200319,PA,185,"1,608",,,,,,,,,1
20200319,PR,5,56,29,,,,,,,,
20200319,RI,44,654,334,,,,,,,,
20200319,SC,60,583,,,,,,,,,1
20200319,SD,11,551,385,,,,,,,,1
20200319,TN,154,349,,,,,,,,,
20200319,TX,143,"2,212",,,,,,,,,3
20200319,UT,78,"1,448",,,,,,,,,0
20200319,VA,94,"1,829",,,,,,,,,2
20200319,VI,3,,,,,,,,,,
20200319,VT,22,645,,,,,,,,,
20200319,WA,"1,535","15,918",,,,,,,,,91
20200319,WI,155,"2,192",,,,,,,,,
20200319,WV,2,143,3,,,,,,,,0
20200319,WY,18,271,,,,,,,,,
20200318,AK,6,406,,,,,,,,,
20200318,AL,46,28,,,,,,,,,0
20200318,AR,33,236,50,,,,,,,,
20200318,AS,,,,,,,,,,,0
20200318,AZ,28,148,102,,,,,,,,0
20200318,CA,611,"7,981",,,,,,,,,13
20200318,CO,183,"1,617",,,,,,,,,2
20200318,CT,68,125,,,,,,,,,
20200318,DC,31,138,1,,,,,,,,
20200318,DE,25,36,,,,,,,,,
20200318,FL,314,"1,225",954,,,,,,,,7
20200318,GA,197,"1,311",,,,,,,,,1
20200318,GU,8,57,,,,,,,,,
20200318,HI,14,93,,,,,,,,,
20200318,IA,29,83,,,,,,,,,
20200318,ID,9,459,,,,,,,,,
20200318,IL,288,"1,763",,,,,,,,,1
20200318,IN,39,154,,,,,,,,,2
20200318,KS,16,417,,,,,,,,,1
20200318,KY,26,354,,,,,,,,,1
20200318,LA,240,335,,,,,,,,,6
20200318,MA,256,"2,015",,,,,,,,,
20200318,MD,85,94,,,,,,,,,
20200318,ME,43,"1,670",,,,,,,,,
20200318,MI,80,"1,215",,,,,,,,,
20200318,MN,77,"2,685",,,,,,,,,
20200318,MO,13,253,,,,,,,,,0
20200318,MP,0,,,,,,,,,,0
20200318,MS,34,479,,,,,,,,,
20200318,MT,10,499,,,,,,,,,
20200318,NC,63,"1,787",,,,,,,,,0
20200318,ND,6,268,,,,,,,,,0
20200318,NE,24,206,,,,,,,,,
20200318,NH,26,513,208,,,,,,,,
20200318,NJ,427,190,21,,,,,,,,5
20200318,NM,28,"2,326",,,,,,,,,
20200318,NV,55,168,,,,,,,,,1
20200318,NY,"2,382","12,215",,,,,,,,,12
20200318,OH,88,140,,,,,,,,,
20200318,OK,29,378,110,,,,,,,,
20200318,OR,75,"1,118",361,,,,,,,,3
20200318,PA,133,"1,187",,,,,,,,,1
20200318,PR,5,31,21,,,,,,,,
20200318,RI,33,540,334,,,,,,,,
20200318,SC,60,583,,,,,,,,,1
20200318,SD,11,551,350,,,,,,,,1
20200318,TN,98,349,,,,,,,,,
20200318,TX,83,"1,824",,,,,,,,,2
20200318,UT,63,131,,,,,,,,,0
20200318,VA,77,"1,201",,,,,,,,,1
20200318,VI,2,,,,,,,,,,
20200318,VT,19,592,,,,,,,,,
20200318,WA,"1,388","13,117",,,,,,,,,81
20200318,WI,106,"1,577",,,,,,,,,
20200318,WV,1,122,14,,,,,,,,0
20200318,WY,15,178,,,,,,,,,
20200317,AK,3,334,,,,,,,,,
20200317,AL,36,28,,,,,,,,,0
20200317,AR,22,197,41,,,,,,,,
20200317,AS,,,,,,,,,,,
20200317,AZ,20,142,66,,,,,,,,0
20200317,CA,483,"7,981",,,,,,,,,11
20200317,CO,160,"1,056",,,,,,,,,1
20200317,CT,41,125,,,,,,,,,
20200317,DC,22,104,0,,,,,,,,
20200317,DE,16,36,,,,,,,,,
20200317,FL,186,940,872,,,,,,,,6
20200317,GA,146,,,,,,,,,,1
20200317,GU,5,41,,,,,,,,,
20200317,HI,10,,,,,,,,,,
20200317,IA,23,83,,,,,,,,,
20200317,ID,7,346,,,,,,,,,
20200317,IL,159,"1,340",,,,,,,,,1
20200317,IN,30,129,,,,,,,,,2
20200317,KS,15,382,,,,,,,,,1
20200317,KY,22,295,,,,,,,,,1
20200317,LA,171,286,,,,,,,,,4
20200317,MA,218,"1,541",,,,,,,,,
20200317,MD,57,94,,,,,,,,,
20200317,ME,32,"1,303",,,,,,,,,
20200317,MI,65,626,,,,,,,,,
20200317,MN,60,"2,276",,,,,,,,,
20200317,MO,8,207,,,,,,,,,0
20200317,MP,0,,,,,,,,,,
20200317,MS,21,368,,,,,,,,,
20200317,MT,8,303,,,,,,,,,
20200317,NC,40,474,,,,,,,,,0
20200317,ND,3,220,0,,,,,,,,0
20200317,NE,21,206,,,,,,,,,
20200317,NH,17,355,195,,,,,,,,
20200317,NJ,267,163,55,,,,,,,,3
20200317,NM,23,"1,249",,,,,,,,,
20200317,NV,55,168,,,,,,,,,1
20200317,NY,"1,700","5,506",,,,,,,,,7
20200317,OH,67,140,,,,,,,,,
20200317,OK,17,247,82,,,,,,,,
20200317,OR,47,689,184,,,,,,,,
20200317,PA,96,879,,,,,,,,,
20200317,PR,5,13,4,,,,,,,,
20200317,RI,23,403,149,,,,,,,,
20200317,SC,33,311,,,,,,,,,1
20200317,SD,11,551,35,,,,,,,,
20200317,TN,73,330,,,,,,,,,
20200317,TX,64,"1,204",,,,,,,,,1
20200317,UT,51,131,,,,,,,,,0
20200317,VA,67,961,,,,,,,,,1
20200317,VI,2,,,,,,,,,,
20200317,VT,10,495,,,,,,,,,
20200317,WA,"1,218","11,582",,,,,,,,,77
20200317,WI,72,"1,038",,,,,,,,,
20200317,WV,0,80,4,,,,,,,,0
20200317,WY,10,95,,,,,,,,,
20200316,AK,1,143,,,,,,,,,
20200316,AL,28,28,40,,,,,,,,0
20200316,AR,22,132,14,,,,,,,,
20200316,AS,,,,,,,,,,,
20200316,AZ,18,125,63,,,,,,,,0
20200316,CA,335,"7,981",,,,,,,,,6
20200316,CO,131,627,,,,,,,,,1
20200316,CT,26,125,,,,,,,,,
20200316,DC,17,96,7,,,,,,,,
20200316,DE,8,36,32,,,,,,,,
20200316,FL,141,684,514,,,,,,,,4
20200316,GA,121,,,,,,,,,,1
20200316,GU,3,23,,,,,,,,,
20200316,HI,7,,,,,,,,,,
20200316,IA,22,83,,,,,,,,,
20200316,ID,5,265,,,,,,,,,
20200316,IL,93,932,,,,,,,,,
20200316,IN,24,115,,,,,,,,,1
20200316,KS,11,166,,,,,,,,,1
20200316,KY,21,234,,,,,,,,,1
20200316,LA,114,188,,,,,,,,,2
20200316,MA,164,352,,,,,,,,,
20200316,MD,37,94,,,,,,,,,
20200316,ME,17,764,,,,,,,,,
20200316,MI,53,272,30,,,,,,,,
20200316,MN,54,"1,839",,,,,,,,,
20200316,MO,6,164,,,,,,,,,0
20200316,MP,0,,,,,,,,,,
20200316,MS,12,277,,,,,,,,,
20200316,MT,7,198,,,,,,,,,
20200316,NC,33,296,151,,,,,,,,0
20200316,ND,1,123,0,,,,,,,,0
20200316,NE,18,170,,,,,,,,,
20200316,NH,13,271,95,,,,,,,,
20200316,NJ,178,120,20,,,,,,,,2
20200316,NM,17,566,,,,,,,,,
20200316,NV,45,168,,,,,,,,,1
20200316,NY,950,"4,543",,,,,,,,,7
20200316,OH,50,140,361,,,,,,,,
20200316,OK,10,174,29,,,,,,,,
20200316,OR,39,579,182,,,,,,,,
20200316,PA,76,670,,,,,,,,,
20200316,PR,5,9,,,,,,,,,
20200316,RI,21,308,149,,,,,,,,
20200316,SC,28,235,,,,,,,,,1
20200316,SD,10,494,0,,,,,,,,
20200316,TN,52,270,,,,,,,,,
20200316,TX,57,,,,,,,,,,
20200316,UT,39,131,,,,,,,,,0
20200316,VA,51,438,,,,,,,,,1
20200316,VI,1,,,,,,,,,,
20200316,VT,8,421,,,,,,,,,
20200316,WA,"1,052","9,451",,,,,,,,,68
20200316,WI,47,504,,,,,,,,,
20200316,WV,0,80,4,,,,,,,,0
20200316,WY,3,,,,,,,,,,
20200315,AK,1,143,,,,,,,,,
20200315,AL,12,28,46,,,,,,,,0
20200315,AR,16,103,30,,,,,,,,
20200315,AZ,12,121,50,,,,,,,,0
20200315,CA,293,916,,,,,,,,,5
20200315,CO,131,627,,,,,,,,,1
20200315,CT,20,125,,,,,,,,,
20200315,DC,16,79,20,,,,,,,,
20200315,DE,6,36,32,,,,,,,,
20200315,FL,116,678,454,,,,,,,,4
20200315,GA,99,,,,,,,,,,1
20200315,HI,2,,,,,,,,,,
20200315,IA,18,83,,,,,,,,,
20200315,ID,5,174,,,,,,,,,
20200315,IL,64,449,195,,,,,,,,
20200315,IN,19,102,,,,,,,,,0
20200315,KS,8,135,,,,,,,,,1
20200315,KY,16,139,,,,,,,,,
20200315,LA,91,156,,,,,,,,,2
20200315,MA,138,352,,,,,,,,,
20200315,MD,31,94,,,,,,,,,
20200315,ME,3,91,17,,,,,,,,
20200315,MI,33,205,26,,,,,,,,
20200315,MN,35,"1,387",,,,,,,,,
20200315,MO,5,122,,,,,,,,,0
20200315,MS,10,84,,,,,,,,,
20200315,MT,7,103,57,,,,,,,,
20200315,NC,32,227,151,,,,,,,,
20200315,ND,1,95,4,,,,,,,,0
20200315,NE,17,80,33,,,,,,,,
20200315,NH,13,271,95,,,,,,,,
20200315,NJ,98,120,34,,,,,,,,2
20200315,NM,13,482,,,,,,,,,
20200315,NV,21,168,164,,,,,,,,
20200315,NY,729,"4,543",,,,,,,,,3
20200315,OH,36,139,350,,,,,,,,
20200315,OK,9,118,12,,,,,,,,
20200315,OR,36,420,225,,,,,,,,
20200315,PA,63,205,183,,,,,,,,
20200315,RI,20,271,57,,,,,,,,
20200315,SC,19,154,,,,,,,,,
20200315,SD,9,327,6,,,,,,,,
20200315,TN,39,157,,,,,,,,,
20200315,TX,56,,,,,,,,,,
20200315,UT,28,131,,,,,,,,,0
20200315,VA,45,363,,,,,,,,,1
20200315,VT,4,348,,,,,,,,,
20200315,WA,924,"7,122",,,,,,,,,56
20200315,WI,33,313,,,,,,,,,
20200315,WV,0,38,1,,,,,,,,0
20200315,WY,3,,,,,,,,,,
20200314,AK,1,143,,,,,,,,,
20200314,AL,6,22,46,,,,,,,,
20200314,AR,12,65,26,,,,,,,,
20200314,AZ,12,121,50,,,,,,,,0
20200314,CA,252,916,,,,,,,,,5
20200314,CO,101,610,,,,,,,,,1
20200314,CT,11,125,,,,,,,,,
20200314,DC,10,49,10,,,,,,,,
20200314,DE,6,36,32,,,,,,,,
20200314,FL,77,478,221,,,,,,,,3
20200314,GA,66,,,,,,,,,,1
20200314,HI,2,,,,,,,,,,
20200314,IA,17,83,,,,,,,,,
20200314,ID,2,174,,,,,,,,,
20200314,IL,46,316,82,,,,,,,,
20200314,IN,15,74,,,,,,,,,0
20200314,KS,6,93,,,,,,,,,1
20200314,KY,14,139,,,,,,,,,
20200314,LA,69,109,,,,,,,,,
20200314,MA,138,352,,,,,,,,,
20200314,MD,26,94,,,,,,,,,
20200314,ME,3,91,17,,,,,,,,
20200314,MI,25,205,26,,,,,,,,
20200314,MN,21,847,,,,,,,,,
20200314,MO,4,90,,,,,,,,,0
20200314,MS,6,84,,,,,,,,,
20200314,MT,5,103,,,,,,,,,
20200314,NC,23,137,,,,,,,,,
20200314,ND,1,54,14,,,,,,,,0
20200314,NE,14,80,33,,,,,,,,
20200314,NH,7,212,31,,,,,,,,
20200314,NJ,50,97,80,,,,,,,,1
20200314,NM,10,237,,,,,,,,,
20200314,NV,20,168,,,,,,,,,
20200314,NY,524,"2,779",,,,,,,,,
20200314,OH,13,50,159,,,,,,,,
20200314,OK,4,36,37,,,,,,,,
20200314,OR,30,337,157,,,,,,,,
20200314,PA,47,205,150,,,,,,,,
20200314,RI,20,198,57,,,,,,,,
20200314,SC,13,110,,,,,,,,,
20200314,SD,9,182,3,,,,,,,,
20200314,TN,32,130,,,,,,,,,
20200314,TX,51,,,,,,,,,,
20200314,UT,6,131,,,,,,,,,
20200314,VA,30,117,,,,,,,,,
20200314,VT,4,227,,,,,,,,,
20200314,WA,793,"6,001",,,,,,,,,51
20200314,WI,19,169,,,,,,,,,
20200314,WV,0,26,5,,,,,,,,
20200314,WY,2,,,,,,,,,,
20200313,AK,1,59,,,,,,,,,
20200313,AL,1,11,,,,,,,,,
20200313,AR,9,30,22,,,,,,,,
20200313,AZ,9,94,40,,,,,,,,0
20200313,CA,202,916,,,,,,,,,4
20200313,CO,72,524,,,,,,,,,
20200313,CT,6,99,,,,,,,,,
20200313,DC,10,20,,,,,,,,,
20200313,DE,4,30,10,,,,,,,,
20200313,FL,50,478,221,,,,,,,,2
20200313,GA,42,,,,,,,,,,1
20200313,HI,2,,,,,,,,,,
20200313,IA,16,83,29,,,,,,,,
20200313,ID,0,131,,,,,,,,,
20200313,IL,32,294,92,,,,,,,,
20200313,IN,12,61,,,,,,,,,
20200313,KS,6,93,,,,,,,,,
20200313,KY,11,107,,,,,,,,,
20200313,LA,36,37,,,,,,,,,
20200313,MA,123,92,,,,,,,,,
20200313,MD,17,94,,,,,,,,,
20200313,ME,3,91,17,,,,,,,,
20200313,MI,16,133,26,,,,,,,,
20200313,MN,14,541,,,,,,,,,
20200313,MO,2,71,,,,,,,,,
20200313,MS,4,41,,,,,,,,,
20200313,MT,1,55,,,,,,,,,
20200313,NC,15,86,,,,,,,,,
20200313,ND,1,39,12,,,,,,,,0
20200313,NE,13,80,33,,,,,,,,
20200313,NH,6,94,21,,,,,,,,
20200313,NJ,50,97,80,,,,,,,,1
20200313,NM,10,190,,,,,,,,,
20200313,NV,11,168,,,,,,,,,
20200313,NY,421,"2,779",,,,,,,,,
20200313,OH,13,50,159,,,,,,,,
20200313,OK,3,36,37,,,,,,,,
20200313,OR,30,337,157,,,,,,,,
20200313,PA,41,140,130,,,,,,,,
20200313,RI,14,142,29,,,,,,,,
20200313,SC,12,75,,,,,,,,,
20200313,SD,9,73,11,,,,,,,,
20200313,TN,26,116,,,,,,,,,
20200313,TX,39,,,,,,,,,,
20200313,UT,6,131,,,,,,,,,
20200313,VA,30,117,,,,,,,,,
20200313,VT,2,142,,,,,,,,,
20200313,WA,693,"4,350",,,,,,,,,47
20200313,WI,19,169,,,,,,,,,
20200313,WV,0,17,4,,,,,,,,
20200313,WY,1,,,,,,,,,,
20200312,AK,0,46,14,,,,,,,,
20200312,AL,0,10,,,,,,,,,
20200312,AR,6,24,20,,,,,,,,
20200312,AZ,9,82,24,,,,,,,,
20200312,CA,202,916,,,,,,,,,4
20200312,CO,45,298,,,,,,,,,
20200312,CT,6,89,,,,,,,,,
20200312,DC,10,20,,,,,,,,,
20200312,DE,4,23,14,,,,,,,,
20200312,FL,32,301,147,,,,,,,,2
20200312,GA,31,,,,,,,,,,
20200312,HI,2,,,,,,,,,,
20200312,IA,14,67,24,,,,,,,,
20200312,ID,0,93,,,,,,,,,
20200312,IL,25,266,76,,,,,,,,
20200312,IN,12,52,,,,,,,,,
20200312,KS,4,41,,,,,,,,,
20200312,KY,8,56,,,,,,,,,
20200312,LA,14,37,,,,,,,,,
20200312,MA,95,,,,,,,,,,
20200312,MD,12,94,,,,,,,,,
20200312,ME,1,65,20,,,,,,,,
20200312,MI,2,91,27,,,,,,,,
20200312,MN,9,307,,,,,,,,,
20200312,MO,1,64,,,,,,,,,
20200312,MS,1,41,,,,,,,,,
20200312,MT,1,34,,,,,,,,,
20200312,NC,12,60,,,,,,,,,
20200312,ND,1,12,14,,,,,,,,
20200312,NE,10,80,33,,,,,,,,
20200312,NH,6,94,21,,,,,,,,
20200312,NJ,30,74,20,,,,,,,,1
20200312,NM,5,155,,,,,,,,,
20200312,NV,7,168,,,,,,,,,
20200312,NY,216,92,,,,,,,,,
20200312,OH,5,30,52,,,,,,,,
20200312,OK,3,36,4,,,,,,,,
20200312,OR,19,286,62,,,,,,,,
20200312,PA,22,116,81,,,,,,,,
20200312,RI,5,94,8,,,,,,,,
20200312,SC,10,48,,,,,,,,,
20200312,SD,8,27,11,,,,,,,,
20200312,TN,18,79,,,,,,,,,
20200312,TX,23,,,,,,,,,,
20200312,UT,4,131,,,,,,,,,
20200312,VA,17,117,,,,,,,,,
20200312,VT,2,97,,,,,,,,,
20200312,WA,543,"3,037",,,,,,,,,44
20200312,WI,8,84,,,,,,,,,
20200312,WV,0,7,1,,,,,,,,
20200312,WY,1,,,,,,,,,,
20200311,AK,0,46,14,,,,,,,,
20200311,AL,0,10,,,,,,,,,
20200311,AR,0,12,14,,,,,,,,
20200311,AZ,9,59,32,,,,,,,,
20200311,CA,157,916,,,,,,,,,
20200311,CO,28,251,,,,,,,,,
20200311,CT,3,71,,,,,,,,,
20200311,DC,5,20,15,,,,,,,,
20200311,DE,1,17,2,,,,,,,,
20200311,FL,28,301,147,,,,,,,,2
20200311,GA,22,,,,,,,,,,
20200311,HI,2,,,,,,,,,,
20200311,IA,13,46,27,,,,,,,,
20200311,ID,0,67,,,,,,,,,
20200311,IL,19,244,63,,,,,,,,
20200311,IN,10,33,,,,,,,,,
20200311,KS,1,41,,,,,,,,,
20200311,KY,8,46,,,,,,,,,
20200311,LA,6,37,,,,,,,,,
20200311,MA,92,,,,,,,,,,
20200311,MD,9,94,,,,,,,,,
20200311,ME,0,42,5,,,,,,,,
20200311,MI,2,57,18,,,,,,,,
20200311,MN,5,217,,,,,,,,,
20200311,MO,1,,,,,,,,,,
20200311,MS,0,20,,,,,,,,,
20200311,MT,0,21,,,,,,,,,
20200311,NC,7,,,,,,,,,,
20200311,ND,0,7,6,,,,,,,,
20200311,NE,5,47,16,,,,,,,,
20200311,NH,4,38,5,,,,,,,,
20200311,NJ,24,57,20,,,,,,,,1
20200311,NM,3,87,,,,,,,,,
20200311,NV,5,168,,,,,,,,,
20200311,NY,216,92,,,,,,,,,
20200311,OH,4,21,24,,,,,,,,
20200311,OK,2,15,11,,,,,,,,
20200311,OR,19,286,62,,,,,,,,
20200311,PA,16,88,54,,,,,,,,
20200311,RI,5,94,24,,,,,,,,
20200311,SC,9,32,,,,,,,,,
20200311,SD,5,13,2,,,,,,,,
20200311,TN,7,50,,,,,,,,,
20200311,TX,21,,,,,,,,,,
20200311,UT,2,,,,,,,,,,
20200311,VA,9,60,,,,,,,,,
20200311,VT,1,62,,,,,,,,,
20200311,WA,474,"2,175",,,,,,,,,40
20200311,WI,3,43,,,,,,,,,
20200311,WV,0,3,2,,,,,,,,
20200311,WY,0,,,,,,,,,,
20200310,AK,0,23,9,,,,,,,,
20200310,AL,0,0,0,,,,,,,,
20200310,AR,0,12,3,,,,,,,,
20200310,AZ,6,51,27,,,,,,,,
20200310,CA,133,690,,,,,,,,,
20200310,CO,12,142,1,,,,,,,,
20200310,CT,2,54,,,,,,,,,
20200310,DC,5,17,2,,,,,,,,
20200310,DE,0,17,3,,,,,,,,
20200310,FL,19,222,155,,,,,,,,
20200310,GA,17,,,,,,,,,,
20200310,HI,2,,,,,,,,,,
20200310,IA,8,32,11,,,,,,,,
20200310,ID,0,41,,,,,,,,,
20200310,IL,19,244,63,,,,,,,,
20200310,IN,6,30,,,,,,,,,
20200310,KS,1,17,21,,,,,,,,
20200310,KY,6,28,,,,,,,,,
20200310,LA,1,11,,,,,,,,,
20200310,MA,92,,,,,,,,,,
20200310,MD,6,89,,,,,,,,,
20200310,ME,0,20,5,,,,,,,,
20200310,MI,0,39,24,,,,,,,,
20200310,MN,3,132,,,,,,,,,
20200310,MO,1,,,,,,,,,,
20200310,MS,0,,,,,,,,,,
20200310,MT,0,15,,,,,,,,,
20200310,NC,7,,,,,,,,,,
20200310,ND,0,6,2,,,,,,,,
20200310,NE,3,47,16,,,,,,,,
20200310,NH,4,38,5,,,,,,,,
20200310,NJ,15,44,20,,,,,,,,
20200310,NM,0,69,,,,,,,,,
20200310,NV,1,14,,,,,,,,,
20200310,NY,173,92,,,,,,,,,
20200310,OH,3,14,15,,,,,,,,
20200310,OK,2,15,11,,,,,,,,
20200310,OR,15,213,67,,,,,,,,
20200310,PA,12,,,,,,,,,,
20200310,RI,3,58,6,,,,,,,,
20200310,SC,7,24,,,,,,,,,
20200310,SD,0,11,0,,,,,,,,
20200310,TN,7,,,,,,,,,,
20200310,TX,13,,,,,,,,,,
20200310,UT,2,,,,,,,,,,
20200310,VA,8,53,,,,,,,,,
20200310,VT,1,40,,,,,,,,,
20200310,WA,390,"1,110",,,,,,,,,37
20200310,WI,2,36,,,,,,,,,
20200310,WV,0,2,3,,,,,,,,
20200310,WY,0,0,0,,,,,,,,
20200309,AK,0,23,9,,,,,,,,
20200309,AL,0,,,,,,,,,,
20200309,AR,0,12,0,,,,,,,,
20200309,AZ,5,44,7,,,,,,,,
20200309,CA,114,690,,,,,,,,,
20200309,CO,9,133,,,,,,,,,
20200309,CT,1,46,,,,,,,,,
20200309,DC,1,14,3,,,,,,,,
20200309,DE,0,15,3,,,,,,,,
20200309,FL,18,140,115,,,,,,,,
20200309,GA,12,,,,,,,,,,
20200309,HI,2,,,,,,,,,,
20200309,IA,3,26,8,,,,,,,,
20200309,ID,0,41,,,,,,,,,
20200309,IL,7,191,44,,,,,,,,
20200309,IN,2,,,,,,,,,,
20200309,KS,1,11,0,,,,,,,,
20200309,KY,4,17,,,,,,,,,
20200309,LA,1,5,,,,,,,,,
20200309,MA,41,,,,,,,,,,
20200309,MD,5,73,,,,,,,,,
20200309,ME,0,1,,,,,,,,,
20200309,MI,0,36,11,,,,,,,,
20200309,MN,2,80,,,,,,,,,
20200309,MO,1,,,,,,,,,,
20200309,MS,0,,,,,,,,,,
20200309,MT,0,11,,,,,,,,,
20200309,NC,2,,,,,,,,,,
20200309,ND,0,0,,,,,,,,,
20200309,NE,3,36,9,,,,,,,,
20200309,NH,4,38,5,,,,,,,,
20200309,NJ,11,35,14,,,,,,,,
20200309,NM,0,57,0,,,,,,,,
20200309,NV,1,14,,,,,,,,,
20200309,NY,142,92,,,,,,,,,
20200309,OH,3,11,5,,,,,,,,
20200309,OK,1,8,10,,,,,,,,
20200309,OR,14,165,52,,,,,,,,
20200309,PA,10,,,,,,,,,,
20200309,RI,3,30,6,,,,,,,,
20200309,SC,7,24,,,,,,,,,
20200309,SD,0,5,0,,,,,,,,
20200309,TN,3,,,,,,,,,,
20200309,TX,12,,,,,,,,,,
20200309,UT,1,,,,,,,,,,
20200309,VA,3,38,9,,,,,,,,
20200309,VT,1,34,,,,,,,,,
20200309,WA,343,"1,110",,,,,,,,,35
20200309,WI,1,36,,,,,,,,,
20200309,WV,0,2,3,,,,,,,,
20200309,WY,0,,,,,,,,,,
20200308,AK,0,14,6,,,,,,,,
20200308,AL,0,,,,,,,,,,
20200308,AR,0,6,0,,,,,,,,
20200308,AZ,5,44,7,,,,,,,,
20200308,CA,88,462,,,,,,,,,
20200308,CO,8,104,,,,,,,,,
20200308,CT,1,29,8,,,,,,,,
20200308,DC,1,10,0,,,,,,,,
20200308,DE,0,10,0,,,,,,,,
20200308,FL,17,118,108,,,,,,,,
20200308,GA,7,,,,,,,,,,
20200308,HI,1,,,,,,,,,,
20200308,IA,0,15,2,,,,,,,,
20200308,ID,0,27,,,,,,,,,
20200308,IL,6,191,44,,,,,,,,
20200308,IN,2,,,,,,,,,,
20200308,KS,1,11,0,,,,,,,,
20200308,KY,1,13,,,,,,,,,
20200308,LA,0,5,,,,,,,,,
20200308,MA,13,,,,,,,,,,
20200308,MD,3,52,,,,,,,,,
20200308,ME,0,1,,,,,,,,,
20200308,MI,0,26,10,,,,,,,,
20200308,MN,1,48,,,,,,,,,
20200308,MO,1,,,,,,,,,,
20200308,MS,0,,,,,,,,,,
20200308,MT,0,11,,,,,,,,,
20200308,NC,2,,,,,,,,,,
20200308,ND,0,0,,,,,,,,,
20200308,NE,1,17,5,,,,,,,,
20200308,NH,4,38,5,,,,,,,,
20200308,NJ,6,31,0,,,,,,,,
20200308,NM,0,48,0,,,,,,,,
20200308,NV,1,14,,,,,,,,,
20200308,NY,105,92,,,,,,,,,
20200308,OH,0,10,4,,,,,,,,
20200308,OK,1,8,2,,,,,,,,
20200308,OR,14,100,53,,,,,,,,
20200308,PA,6,,,,,,,,,,
20200308,RI,3,30,12,,,,,,,,
20200308,SC,2,8,,,,,,,,,
20200308,SD,0,5,0,,,,,,,,
20200308,TN,3,,,,,,,,,,
20200308,TX,8,,,,,,,,,,
20200308,UT,1,,,,,,,,,,
20200308,VA,2,36,6,,,,,,,,
20200308,VT,1,28,,,,,,,,,
20200308,WA,246,640,60,,,,,,,,31
20200308,WI,1,31,12,,,,,,,,
20200308,WV,0,2,3,,,,,,,,
20200308,WY,0,,,,,,,,,,
20200307,AK,0,12,2,,,,,,,,
20200307,AL,0,,,,,,,,,,
20200307,AR,0,6,0,,,,,,,,
20200307,AZ,5,44,7,,,,,,,,
20200307,CA,69,462,,,,,,,,,
20200307,CO,8,55,69,,,,,,,,
20200307,CT,0,,,,,,,,,,
20200307,DC,0,8,1,,,,,,,,
20200307,DE,0,10,0,,,,,,,,
20200307,FL,14,100,88,,,,,,,,
20200307,GA,6,,,,,,,,,,
20200307,HI,1,,,,,,,,,,
20200307,IA,0,15,2,,,,,,,,
20200307,ID,0,27,,,,,,,,,
20200307,IL,6,191,44,,,,,,,,
20200307,IN,1,,,,,,,,,,
20200307,KS,0,11,2,,,,,,,,
20200307,KY,1,9,,,,,,,,,
20200307,LA,0,,,,,,,,,,
20200307,MA,13,,,,,,,,,,
20200307,MD,3,41,,,,,,,,,
20200307,ME,0,1,,,,,,,,,
20200307,MI,0,18,9,,,,,,,,
20200307,MN,1,48,,,,,,,,,
20200307,MO,0,,,,,,,,,,
20200307,MS,0,,,,,,,,,,
20200307,MT,0,11,,,,,,,,,
20200307,NC,2,,,,,,,,,,
20200307,ND,0,0,,,,,,,,,
20200307,NE,1,17,5,,,,,,,,
20200307,NH,2,20,3,,,,,,,,
20200307,NJ,4,,1,,,,,,,,
20200307,NM,0,48,0,,,,,,,,
20200307,NV,1,14,,,,,,,,,
20200307,NY,76,92,236,,,,,,,,
20200307,OH,0,9,5,,,,,,,,
20200307,OK,1,,,,,,,,,,
20200307,OR,7,77,40,,,,,,,,
20200307,PA,4,,,,,,,,,,
20200307,RI,2,30,,,,,,,,,
20200307,SC,2,8,,,,,,,,,
20200307,SD,0,5,0,,,,,,,,
20200307,TN,1,,,,,,,,,,
20200307,TX,8,,,,,,,,,,
20200307,UT,1,,,,,,,,,,
20200307,VA,0,31,7,,,,,,,,
20200307,VT,0,16,,,,,,,,,
20200307,WA,181,370,66,,,,,,,,27
20200307,WI,1,31,12,,,,,,,,
20200307,WV,0,2,3,,,,,,,,
20200307,WY,0,,,,,,,,,,
20200306,AK,0,8,1,,,,,,,,
20200306,AR,0,6,0,,,,,,,,
20200306,AZ,3,33,15,,,,,,,,
20200306,CA,60,462,,,,,,,,,
20200306,CO,2,46,30,,,,,,,,
20200306,DC,0,8,1,,,,,,,,
20200306,DE,0,10,0,,,,,,,,
20200306,FL,9,55,51,,,,,,,,
20200306,GA,2,,,,,,,,,,
20200306,IA,0,15,2,,,,,,,,
20200306,IL,5,180,35,,,,,,,,
20200306,IN,1,,,,,,,,,,
20200306,KS,0,4,0,,,,,,,,
20200306,KY,0,7,3,,,,,,,,
20200306,MA,8,,,,,,,,,,
20200306,MD,3,26,12,,,,,,,,
20200306,MI,0,8,8,,,,,,,,
20200306,MN,0,36,,,,,,,,,
20200306,NC,2,,,,,,,,,,
20200306,NE,0,17,5,,,,,,,,
20200306,NH,2,20,3,,,,,,,,
20200306,NJ,1,,,,,,,,,,
20200306,NM,0,16,0,,,,,,,,
20200306,NV,1,14,,,,,,,,,
20200306,NY,33,92,236,,,,,,,,
20200306,OH,0,8,2,,,,,,,,
20200306,OR,3,64,28,,,,,,,,
20200306,PA,2,,,,,,,,,,
20200306,RI,3,17,,,,,,,,,
20200306,SC,0,5,,,,,,,,,
20200306,TN,1,,,,,,,,,,
20200306,TX,5,,,,,,,,,,
20200306,VA,0,21,10,,,,,,,,
20200306,VT,0,8,,,,,,,,,
20200306,WA,149,370,,,,,,,,,26
20200306,WI,1,31,12,,,,,,,,
20200306,WV,0,1,4,,,,,,,,
20200305,AZ,2,28,6,,,,,,,,
20200305,CA,53,462,,,,,,,,,
20200305,CO,0,19,21,,,,,,,,
20200305,DC,0,6,2,,,,,,,,
20200305,FL,9,31,69,,,,,,,,
20200305,GA,2,,,,,,,,,,
20200305,IL,5,165,27,,,,,,,,
20200305,MA,2,,,,,,,,,,
20200305,MD,0,17,14,,,,,,,,
20200305,MI,0,8,0,,,,,,,,
20200305,NC,1,,,,,,,,,,
20200305,NE,0,17,5,,,,,,,,
20200305,NH,2,16,4,,,,,,,,
20200305,NJ,1,,,,,,,,,,
20200305,NV,1,14,,,,,,,,,
20200305,NY,22,76,24,,,,,,,,
20200305,OH,0,7,3,,,,,,,,
20200305,OR,3,45,13,,,,,,,,
20200305,RI,2,17,,,,,,,,,
20200305,SC,0,5,,,,,,,,,
20200305,TN,1,,,,,,,,,,
20200305,TX,1,,,,,,,,,,
20200305,VA,0,18,3,,,,,,,,
20200305,WA,96,,,,,,,,,,20
20200305,WI,1,19,6,,,,,,,,
20200304,AZ,2,27,5,,,,,,,,
20200304,CA,53,462,,,,,,,,,
20200304,FL,2,24,16,,,,,,,,
20200304,GA,2,,,,,,,,,,
20200304,IL,4,124,27,,,,,,,,
20200304,MA,2,,,,,,,,,,
20200304,NC,1,,,,,,,,,,
20200304,NH,2,10,7,,,,,,,,
20200304,NY,6,48,24,,,,,,,,
20200304,OR,3,29,18,,,,,,,,
20200304,RI,2,11,,,,,,,,,
20200304,SC,0,5,,,,,,,,,
20200304,TX,1,,,,,,,,,,
20200304,WA,76,,,,,,,,,,16
20200304,WI,1,19,6,,,,,,,,
20200303,RI,2,6,,,,,,,,,
20200303,WA,58,,,,,,,,,,14
20200302,RI,1,,,,,,,,,,
20200302,WA,34,,,,,,,,,,11
20200301,RI,1,,,,,,,,,,
20200301,WA,30,,,,,,,,,,8
20200229,WA,18,,,,,,,,,,5
20200228,WA,9,,,,,,,,,,4
